claim_code,split,label,variation,image_file
CLM-00217,train,Valid Claim,0,cards/train/Valid Claim/CLM-00217_v0.png
CLM-00217,train,Valid Claim,1,cards/train/Valid Claim/CLM-00217_v1.png
CLM-01100,train,Manual Review,0,cards/train/Manual Review/CLM-01100_v0.png
CLM-01100,train,Manual Review,1,cards/train/Manual Review/CLM-01100_v1.png
CLM-00087,train,Valid Claim,0,cards/train/Valid Claim/CLM-00087_v0.png
CLM-00087,train,Valid Claim,1,cards/train/Valid Claim/CLM-00087_v1.png
CLM-00281,train,Valid Claim,0,cards/train/Valid Claim/CLM-00281_v0.png
CLM-00281,train,Valid Claim,1,cards/train/Valid Claim/CLM-00281_v1.png
CLM-00319,train,Valid Claim,0,cards/train/Valid Claim/CLM-00319_v0.png
CLM-00319,train,Valid Claim,1,cards/train/Valid Claim/CLM-00319_v1.png
CLM-01088,train,Manual Review,0,cards/train/Manual Review/CLM-01088_v0.png
CLM-01088,train,Manual Review,1,cards/train/Manual Review/CLM-01088_v1.png
CLM-01068,train,Manual Review,0,cards/train/Manual Review/CLM-01068_v0.png
CLM-01068,train,Manual Review,1,cards/train/Manual Review/CLM-01068_v1.png
CLM-00959,train,Invalid Claim,0,cards/train/Invalid Claim/CLM-00959_v0.png
CLM-00959,train,Invalid Claim,1,cards/train/Invalid Claim/CLM-00959_v1.png
CLM-01003,train,Invalid Claim,0,cards/train/Invalid Claim/CLM-01003_v0.png
CLM-01003,train,Invalid Claim,1,cards/train/Invalid Claim/CLM-01003_v1.png
CLM-01301,train,Manual Review,0,cards/train/Manual Review/CLM-01301_v0.png
CLM-01301,train,Manual Review,1,cards/train/Manual Review/CLM-01301_v1.png
CLM-00981,train,Invalid Claim,0,cards/train/Invalid Claim/CLM-00981_v0.png
CLM-00981,train,Invalid Claim,1,cards/train/Invalid Claim/CLM-00981_v1.png
CLM-00949,train,Invalid Claim,0,cards/train/Invalid Claim/CLM-00949_v0.png
CLM-00949,train,Invalid Claim,1,cards/train/Invalid Claim/CLM-00949_v1.png
CLM-00538,train,Invalid Claim,0,cards/train/Invalid Claim/CLM-00538_v0.png
CLM-00538,train,Invalid Claim,1,cards/train/Invalid Claim/CLM-00538_v1.png
CLM-01184,train,Manual Review,0,cards/train/Manual Review/CLM-01184_v0.png
CLM-01184,train,Manual Review,1,cards/train/Manual Review/CLM-01184_v1.png
CLM-00553,train,Valid Claim,0,cards/train/Valid Claim/CLM-00553_v0.png
CLM-00553,train,Valid Claim,1,cards/train/Valid Claim/CLM-00553_v1.png
CLM-01124,train,Manual Review,0,cards/train/Manual Review/CLM-01124_v0.png
CLM-01124,train,Manual Review,1,cards/train/Manual Review/CLM-01124_v1.png
CLM-01110,train,Manual Review,0,cards/train/Manual Review/CLM-01110_v0.png
CLM-01110,train,Manual Review,1,cards/train/Manual Review/CLM-01110_v1.png
CLM-00448,train,Manual Review,0,cards/train/Manual Review/CLM-00448_v0.png
CLM-00448,train,Manual Review,1,cards/train/Manual Review/CLM-00448_v1.png
CLM-00855,train,Invalid Claim,0,cards/train/Invalid Claim/CLM-00855_v0.png
CLM-00855,train,Invalid Claim,1,cards/train/Invalid Claim/CLM-00855_v1.png
CLM-00265,train,Invalid Claim,0,cards/train/Invalid Claim/CLM-00265_v0.png
CLM-00265,train,Invalid Claim,1,cards/train/Invalid Claim/CLM-00265_v1.png
CLM-01118,train,Manual Review,0,cards/train/Manual Review/CLM-01118_v0.png
CLM-01118,train,Manual Review,1,cards/train/Manual Review/CLM-01118_v1.png
CLM-01131,train,Manual Review,0,cards/train/Manual Review/CLM-01131_v0.png
CLM-01131,train,Manual Review,1,cards/train/Manual Review/CLM-01131_v1.png
CLM-01214,train,Manual Review,0,cards/train/Manual Review/CLM-01214_v0.png
CLM-01214,train,Manual Review,1,cards/train/Manual Review/CLM-01214_v1.png
CLM-01452,train,Manual Review,0,cards/train/Manual Review/CLM-01452_v0.png
CLM-01452,train,Manual Review,1,cards/train/Manual Review/CLM-01452_v1.png
CLM-01412,train,Manual Review,0,cards/train/Manual Review/CLM-01412_v0.png
CLM-01412,train,Manual Review,1,cards/train/Manual Review/CLM-01412_v1.png
CLM-01492,train,Manual Review,0,cards/train/Manual Review/CLM-01492_v0.png
CLM-01492,train,Manual Review,1,cards/train/Manual Review/CLM-01492_v1.png
CLM-01265,train,Manual Review,0,cards/train/Manual Review/CLM-01265_v0.png
CLM-01265,train,Manual Review,1,cards/train/Manual Review/CLM-01265_v1.png
CLM-00417,train,Valid Claim,0,cards/train/Valid Claim/CLM-00417_v0.png
CLM-00417,train,Valid Claim,1,cards/train/Valid Claim/CLM-00417_v1.png
CLM-01376,train,Manual Review,0,cards/train/Manual Review/CLM-01376_v0.png
CLM-01376,train,Manual Review,1,cards/train/Manual Review/CLM-01376_v1.png
CLM-00137,train,Valid Claim,0,cards/train/Valid Claim/CLM-00137_v0.png
CLM-00137,train,Valid Claim,1,cards/train/Valid Claim/CLM-00137_v1.png
CLM-00544,train,Invalid Claim,0,cards/train/Invalid Claim/CLM-00544_v0.png
CLM-00544,train,Invalid Claim,1,cards/train/Invalid Claim/CLM-00544_v1.png
CLM-01021,train,Manual Review,0,cards/train/Manual Review/CLM-01021_v0.png
CLM-01021,train,Manual Review,1,cards/train/Manual Review/CLM-01021_v1.png
CLM-00840,train,Invalid Claim,0,cards/train/Invalid Claim/CLM-00840_v0.png
CLM-00840,train,Invalid Claim,1,cards/train/Invalid Claim/CLM-00840_v1.png
CLM-01080,train,Manual Review,0,cards/train/Manual Review/CLM-01080_v0.png
CLM-01080,train,Manual Review,1,cards/train/Manual Review/CLM-01080_v1.png
CLM-01199,train,Manual Review,0,cards/train/Manual Review/CLM-01199_v0.png
CLM-01199,train,Manual Review,1,cards/train/Manual Review/CLM-01199_v1.png
CLM-00042,train,Valid Claim,0,cards/train/Valid Claim/CLM-00042_v0.png
CLM-00042,train,Valid Claim,1,cards/train/Valid Claim/CLM-00042_v1.png
CLM-01212,train,Manual Review,0,cards/train/Manual Review/CLM-01212_v0.png
CLM-01212,train,Manual Review,1,cards/train/Manual Review/CLM-01212_v1.png
CLM-01459,train,Manual Review,0,cards/train/Manual Review/CLM-01459_v0.png
CLM-01459,train,Manual Review,1,cards/train/Manual Review/CLM-01459_v1.png
CLM-00922,train,Invalid Claim,0,cards/train/Invalid Claim/CLM-00922_v0.png
CLM-00922,train,Invalid Claim,1,cards/train/Invalid Claim/CLM-00922_v1.png
CLM-00224,train,Valid Claim,0,cards/train/Valid Claim/CLM-00224_v0.png
CLM-00224,train,Valid Claim,1,cards/train/Valid Claim/CLM-00224_v1.png
CLM-01179,train,Invalid Claim,0,cards/train/Invalid Claim/CLM-01179_v0.png
CLM-01179,train,Invalid Claim,1,cards/train/Invalid Claim/CLM-01179_v1.png
CLM-01350,train,Manual Review,0,cards/train/Manual Review/CLM-01350_v0.png
CLM-01350,train,Manual Review,1,cards/train/Manual Review/CLM-01350_v1.png
CLM-00399,train,Valid Claim,0,cards/train/Valid Claim/CLM-00399_v0.png
CLM-00399,train,Valid Claim,1,cards/train/Valid Claim/CLM-00399_v1.png
CLM-01157,train,Manual Review,0,cards/train/Manual Review/CLM-01157_v0.png
CLM-01157,train,Manual Review,1,cards/train/Manual Review/CLM-01157_v1.png
CLM-00670,train,Invalid Claim,0,cards/train/Invalid Claim/CLM-00670_v0.png
CLM-00670,train,Invalid Claim,1,cards/train/Invalid Claim/CLM-00670_v1.png
CLM-00109,train,Valid Claim,0,cards/train/Valid Claim/CLM-00109_v0.png
CLM-00109,train,Valid Claim,1,cards/train/Valid Claim/CLM-00109_v1.png
CLM-00011,train,Valid Claim,0,cards/train/Valid Claim/CLM-00011_v0.png
CLM-00011,train,Valid Claim,1,cards/train/Valid Claim/CLM-00011_v1.png
CLM-00518,train,Invalid Claim,0,cards/train/Invalid Claim/CLM-00518_v0.png
CLM-00518,train,Invalid Claim,1,cards/train/Invalid Claim/CLM-00518_v1.png
CLM-01419,train,Manual Review,0,cards/train/Manual Review/CLM-01419_v0.png
CLM-01419,train,Manual Review,1,cards/train/Manual Review/CLM-01419_v1.png
CLM-00410,train,Valid Claim,0,cards/train/Valid Claim/CLM-00410_v0.png
CLM-00410,train,Valid Claim,1,cards/train/Valid Claim/CLM-00410_v1.png
CLM-00708,train,Invalid Claim,0,cards/train/Invalid Claim/CLM-00708_v0.png
CLM-00708,train,Invalid Claim,1,cards/train/Invalid Claim/CLM-00708_v1.png
CLM-00798,train,Invalid Claim,0,cards/train/Invalid Claim/CLM-00798_v0.png
CLM-00798,train,Invalid Claim,1,cards/train/Invalid Claim/CLM-00798_v1.png
CLM-00113,train,Valid Claim,0,cards/train/Valid Claim/CLM-00113_v0.png
CLM-00113,train,Valid Claim,1,cards/train/Valid Claim/CLM-00113_v1.png
CLM-00168,train,Valid Claim,0,cards/train/Valid Claim/CLM-00168_v0.png
CLM-00168,train,Valid Claim,1,cards/train/Valid Claim/CLM-00168_v1.png
CLM-00229,train,Valid Claim,0,cards/train/Valid Claim/CLM-00229_v0.png
CLM-00229,train,Valid Claim,1,cards/train/Valid Claim/CLM-00229_v1.png
CLM-01127,train,Manual Review,0,cards/train/Manual Review/CLM-01127_v0.png
CLM-01127,train,Manual Review,1,cards/train/Manual Review/CLM-01127_v1.png
CLM-00811,train,Invalid Claim,0,cards/train/Invalid Claim/CLM-00811_v0.png
CLM-00811,train,Invalid Claim,1,cards/train/Invalid Claim/CLM-00811_v1.png
CLM-01417,train,Manual Review,0,cards/train/Manual Review/CLM-01417_v0.png
CLM-01417,train,Manual Review,1,cards/train/Manual Review/CLM-01417_v1.png
CLM-00185,train,Valid Claim,0,cards/train/Valid Claim/CLM-00185_v0.png
CLM-00185,train,Valid Claim,1,cards/train/Valid Claim/CLM-00185_v1.png
CLM-00073,train,Valid Claim,0,cards/train/Valid Claim/CLM-00073_v0.png
CLM-00073,train,Valid Claim,1,cards/train/Valid Claim/CLM-00073_v1.png
CLM-01242,train,Manual Review,0,cards/train/Manual Review/CLM-01242_v0.png
CLM-01242,train,Manual Review,1,cards/train/Manual Review/CLM-01242_v1.png
CLM-00004,train,Valid Claim,0,cards/train/Valid Claim/CLM-00004_v0.png
CLM-00004,train,Valid Claim,1,cards/train/Valid Claim/CLM-00004_v1.png
CLM-00878,train,Invalid Claim,0,cards/train/Invalid Claim/CLM-00878_v0.png
CLM-00878,train,Invalid Claim,1,cards/train/Invalid Claim/CLM-00878_v1.png
CLM-01489,train,Invalid Claim,0,cards/train/Invalid Claim/CLM-01489_v0.png
CLM-01489,train,Invalid Claim,1,cards/train/Invalid Claim/CLM-01489_v1.png
CLM-01421,train,Manual Review,0,cards/train/Manual Review/CLM-01421_v0.png
CLM-01421,train,Manual Review,1,cards/train/Manual Review/CLM-01421_v1.png
CLM-00694,train,Invalid Claim,0,cards/train/Invalid Claim/CLM-00694_v0.png
CLM-00694,train,Invalid Claim,1,cards/train/Invalid Claim/CLM-00694_v1.png
CLM-00465,train,Valid Claim,0,cards/train/Valid Claim/CLM-00465_v0.png
CLM-00465,train,Valid Claim,1,cards/train/Valid Claim/CLM-00465_v1.png
CLM-01045,train,Manual Review,0,cards/train/Manual Review/CLM-01045_v0.png
CLM-01045,train,Manual Review,1,cards/train/Manual Review/CLM-01045_v1.png
CLM-00369,train,Valid Claim,0,cards/train/Valid Claim/CLM-00369_v0.png
CLM-00369,train,Valid Claim,1,cards/train/Valid Claim/CLM-00369_v1.png
CLM-01258,train,Manual Review,0,cards/train/Manual Review/CLM-01258_v0.png
CLM-01258,train,Manual Review,1,cards/train/Manual Review/CLM-01258_v1.png
CLM-00030,train,Valid Claim,0,cards/train/Valid Claim/CLM-00030_v0.png
CLM-00030,train,Valid Claim,1,cards/train/Valid Claim/CLM-00030_v1.png
CLM-00702,train,Invalid Claim,0,cards/train/Invalid Claim/CLM-00702_v0.png
CLM-00702,train,Invalid Claim,1,cards/train/Invalid Claim/CLM-00702_v1.png
CLM-00360,train,Valid Claim,0,cards/train/Valid Claim/CLM-00360_v0.png
CLM-00360,train,Valid Claim,1,cards/train/Valid Claim/CLM-00360_v1.png
CLM-01328,train,Manual Review,0,cards/train/Manual Review/CLM-01328_v0.png
CLM-01328,train,Manual Review,1,cards/train/Manual Review/CLM-01328_v1.png
CLM-01226,train,Manual Review,0,cards/train/Manual Review/CLM-01226_v0.png
CLM-01226,train,Manual Review,1,cards/train/Manual Review/CLM-01226_v1.png
CLM-00535,train,Valid Claim,0,cards/train/Valid Claim/CLM-00535_v0.png
CLM-00535,train,Valid Claim,1,cards/train/Valid Claim/CLM-00535_v1.png
CLM-01476,train,Manual Review,0,cards/train/Manual Review/CLM-01476_v0.png
CLM-01476,train,Manual Review,1,cards/train/Manual Review/CLM-01476_v1.png
CLM-00724,train,Invalid Claim,0,cards/train/Invalid Claim/CLM-00724_v0.png
CLM-00724,train,Invalid Claim,1,cards/train/Invalid Claim/CLM-00724_v1.png
CLM-00220,train,Valid Claim,0,cards/train/Valid Claim/CLM-00220_v0.png
CLM-00220,train,Valid Claim,1,cards/train/Valid Claim/CLM-00220_v1.png
CLM-01049,train,Manual Review,0,cards/train/Manual Review/CLM-01049_v0.png
CLM-01049,train,Manual Review,1,cards/train/Manual Review/CLM-01049_v1.png
CLM-00007,train,Valid Claim,0,cards/train/Valid Claim/CLM-00007_v0.png
CLM-00007,train,Valid Claim,1,cards/train/Valid Claim/CLM-00007_v1.png
CLM-00841,train,Invalid Claim,0,cards/train/Invalid Claim/CLM-00841_v0.png
CLM-00841,train,Invalid Claim,1,cards/train/Invalid Claim/CLM-00841_v1.png
CLM-00422,train,Valid Claim,0,cards/train/Valid Claim/CLM-00422_v0.png
CLM-00422,train,Valid Claim,1,cards/train/Valid Claim/CLM-00422_v1.png
CLM-00196,train,Valid Claim,0,cards/train/Valid Claim/CLM-00196_v0.png
CLM-00196,train,Valid Claim,1,cards/train/Valid Claim/CLM-00196_v1.png
CLM-00732,train,Invalid Claim,0,cards/train/Invalid Claim/CLM-00732_v0.png
CLM-00732,train,Invalid Claim,1,cards/train/Invalid Claim/CLM-00732_v1.png
CLM-00454,train,Valid Claim,0,cards/train/Valid Claim/CLM-00454_v0.png
CLM-00454,train,Valid Claim,1,cards/train/Valid Claim/CLM-00454_v1.png
CLM-00381,train,Valid Claim,0,cards/train/Valid Claim/CLM-00381_v0.png
CLM-00381,train,Valid Claim,1,cards/train/Valid Claim/CLM-00381_v1.png
CLM-00819,train,Invalid Claim,0,cards/train/Invalid Claim/CLM-00819_v0.png
CLM-00819,train,Invalid Claim,1,cards/train/Invalid Claim/CLM-00819_v1.png
CLM-00323,train,Valid Claim,0,cards/train/Valid Claim/CLM-00323_v0.png
CLM-00323,train,Valid Claim,1,cards/train/Valid Claim/CLM-00323_v1.png
CLM-00707,train,Invalid Claim,0,cards/train/Invalid Claim/CLM-00707_v0.png
CLM-00707,train,Invalid Claim,1,cards/train/Invalid Claim/CLM-00707_v1.png
CLM-01098,train,Manual Review,0,cards/train/Manual Review/CLM-01098_v0.png
CLM-01098,train,Manual Review,1,cards/train/Manual Review/CLM-01098_v1.png
CLM-00602,train,Invalid Claim,0,cards/train/Invalid Claim/CLM-00602_v0.png
CLM-00602,train,Invalid Claim,1,cards/train/Invalid Claim/CLM-00602_v1.png
CLM-01041,train,Manual Review,0,cards/train/Manual Review/CLM-01041_v0.png
CLM-01041,train,Manual Review,1,cards/train/Manual Review/CLM-01041_v1.png
CLM-00201,train,Valid Claim,0,cards/train/Valid Claim/CLM-00201_v0.png
CLM-00201,train,Valid Claim,1,cards/train/Valid Claim/CLM-00201_v1.png
CLM-00068,train,Valid Claim,0,cards/train/Valid Claim/CLM-00068_v0.png
CLM-00068,train,Valid Claim,1,cards/train/Valid Claim/CLM-00068_v1.png
CLM-01155,train,Manual Review,0,cards/train/Manual Review/CLM-01155_v0.png
CLM-01155,train,Manual Review,1,cards/train/Manual Review/CLM-01155_v1.png
CLM-00532,train,Invalid Claim,0,cards/train/Invalid Claim/CLM-00532_v0.png
CLM-00532,train,Invalid Claim,1,cards/train/Invalid Claim/CLM-00532_v1.png
CLM-00874,train,Invalid Claim,0,cards/train/Invalid Claim/CLM-00874_v0.png
CLM-00874,train,Invalid Claim,1,cards/train/Invalid Claim/CLM-00874_v1.png
CLM-00456,train,Valid Claim,0,cards/train/Valid Claim/CLM-00456_v0.png
CLM-00456,train,Valid Claim,1,cards/train/Valid Claim/CLM-00456_v1.png
CLM-00235,train,Valid Claim,0,cards/train/Valid Claim/CLM-00235_v0.png
CLM-00235,train,Valid Claim,1,cards/train/Valid Claim/CLM-00235_v1.png
CLM-00257,train,Valid Claim,0,cards/train/Valid Claim/CLM-00257_v0.png
CLM-00257,train,Valid Claim,1,cards/train/Valid Claim/CLM-00257_v1.png
CLM-00892,train,Invalid Claim,0,cards/train/Invalid Claim/CLM-00892_v0.png
CLM-00892,train,Invalid Claim,1,cards/train/Invalid Claim/CLM-00892_v1.png
CLM-00423,train,Valid Claim,0,cards/train/Valid Claim/CLM-00423_v0.png
CLM-00423,train,Valid Claim,1,cards/train/Valid Claim/CLM-00423_v1.png
CLM-01343,train,Manual Review,0,cards/train/Manual Review/CLM-01343_v0.png
CLM-01343,train,Manual Review,1,cards/train/Manual Review/CLM-01343_v1.png
CLM-01072,train,Manual Review,0,cards/train/Manual Review/CLM-01072_v0.png
CLM-01072,train,Manual Review,1,cards/train/Manual Review/CLM-01072_v1.png
CLM-01371,train,Manual Review,0,cards/train/Manual Review/CLM-01371_v0.png
CLM-01371,train,Manual Review,1,cards/train/Manual Review/CLM-01371_v1.png
CLM-00793,train,Invalid Claim,0,cards/train/Invalid Claim/CLM-00793_v0.png
CLM-00793,train,Invalid Claim,1,cards/train/Invalid Claim/CLM-00793_v1.png
CLM-01266,train,Manual Review,0,cards/train/Manual Review/CLM-01266_v0.png
CLM-01266,train,Manual Review,1,cards/train/Manual Review/CLM-01266_v1.png
CLM-01144,train,Manual Review,0,cards/train/Manual Review/CLM-01144_v0.png
CLM-01144,train,Manual Review,1,cards/train/Manual Review/CLM-01144_v1.png
CLM-01229,train,Manual Review,0,cards/train/Manual Review/CLM-01229_v0.png
CLM-01229,train,Manual Review,1,cards/train/Manual Review/CLM-01229_v1.png
CLM-01189,train,Manual Review,0,cards/train/Manual Review/CLM-01189_v0.png
CLM-01189,train,Manual Review,1,cards/train/Manual Review/CLM-01189_v1.png
CLM-00205,train,Valid Claim,0,cards/train/Valid Claim/CLM-00205_v0.png
CLM-00205,train,Valid Claim,1,cards/train/Valid Claim/CLM-00205_v1.png
CLM-00337,train,Valid Claim,0,cards/train/Valid Claim/CLM-00337_v0.png
CLM-00337,train,Valid Claim,1,cards/train/Valid Claim/CLM-00337_v1.png
CLM-00750,train,Invalid Claim,0,cards/train/Invalid Claim/CLM-00750_v0.png
CLM-00750,train,Invalid Claim,1,cards/train/Invalid Claim/CLM-00750_v1.png
CLM-00156,train,Valid Claim,0,cards/train/Valid Claim/CLM-00156_v0.png
CLM-00156,train,Valid Claim,1,cards/train/Valid Claim/CLM-00156_v1.png
CLM-00376,train,Valid Claim,0,cards/train/Valid Claim/CLM-00376_v0.png
CLM-00376,train,Valid Claim,1,cards/train/Valid Claim/CLM-00376_v1.png
CLM-00873,train,Invalid Claim,0,cards/train/Invalid Claim/CLM-00873_v0.png
CLM-00873,train,Invalid Claim,1,cards/train/Invalid Claim/CLM-00873_v1.png
CLM-01287,train,Manual Review,0,cards/train/Manual Review/CLM-01287_v0.png
CLM-01287,train,Manual Review,1,cards/train/Manual Review/CLM-01287_v1.png
CLM-01213,train,Manual Review,0,cards/train/Manual Review/CLM-01213_v0.png
CLM-01213,train,Manual Review,1,cards/train/Manual Review/CLM-01213_v1.png
CLM-01370,train,Manual Review,0,cards/train/Manual Review/CLM-01370_v0.png
CLM-01370,train,Manual Review,1,cards/train/Manual Review/CLM-01370_v1.png
CLM-00659,train,Invalid Claim,0,cards/train/Invalid Claim/CLM-00659_v0.png
CLM-00659,train,Invalid Claim,1,cards/train/Invalid Claim/CLM-00659_v1.png
CLM-01432,train,Manual Review,0,cards/train/Manual Review/CLM-01432_v0.png
CLM-01432,train,Manual Review,1,cards/train/Manual Review/CLM-01432_v1.png
CLM-00953,train,Invalid Claim,0,cards/train/Invalid Claim/CLM-00953_v0.png
CLM-00953,train,Invalid Claim,1,cards/train/Invalid Claim/CLM-00953_v1.png
CLM-01295,train,Manual Review,0,cards/train/Manual Review/CLM-01295_v0.png
CLM-01295,train,Manual Review,1,cards/train/Manual Review/CLM-01295_v1.png
CLM-00429,train,Valid Claim,0,cards/train/Valid Claim/CLM-00429_v0.png
CLM-00429,train,Valid Claim,1,cards/train/Valid Claim/CLM-00429_v1.png
CLM-01011,train,Manual Review,0,cards/train/Manual Review/CLM-01011_v0.png
CLM-01011,train,Manual Review,1,cards/train/Manual Review/CLM-01011_v1.png
CLM-00275,train,Valid Claim,0,cards/train/Valid Claim/CLM-00275_v0.png
CLM-00275,train,Valid Claim,1,cards/train/Valid Claim/CLM-00275_v1.png
CLM-00502,train,Invalid Claim,0,cards/train/Invalid Claim/CLM-00502_v0.png
CLM-00502,train,Invalid Claim,1,cards/train/Invalid Claim/CLM-00502_v1.png
CLM-00442,train,Valid Claim,0,cards/train/Valid Claim/CLM-00442_v0.png
CLM-00442,train,Valid Claim,1,cards/train/Valid Claim/CLM-00442_v1.png
CLM-01222,train,Manual Review,0,cards/train/Manual Review/CLM-01222_v0.png
CLM-01222,train,Manual Review,1,cards/train/Manual Review/CLM-01222_v1.png
CLM-00973,train,Invalid Claim,0,cards/train/Invalid Claim/CLM-00973_v0.png
CLM-00973,train,Invalid Claim,1,cards/train/Invalid Claim/CLM-00973_v1.png
CLM-00232,train,Valid Claim,0,cards/train/Valid Claim/CLM-00232_v0.png
CLM-00232,train,Valid Claim,1,cards/train/Valid Claim/CLM-00232_v1.png
CLM-00379,train,Valid Claim,0,cards/train/Valid Claim/CLM-00379_v0.png
CLM-00379,train,Valid Claim,1,cards/train/Valid Claim/CLM-00379_v1.png
CLM-01125,train,Manual Review,0,cards/train/Manual Review/CLM-01125_v0.png
CLM-01125,train,Manual Review,1,cards/train/Manual Review/CLM-01125_v1.png
CLM-00449,train,Valid Claim,0,cards/train/Valid Claim/CLM-00449_v0.png
CLM-00449,train,Valid Claim,1,cards/train/Valid Claim/CLM-00449_v1.png
CLM-00965,train,Invalid Claim,0,cards/train/Invalid Claim/CLM-00965_v0.png
CLM-00965,train,Invalid Claim,1,cards/train/Invalid Claim/CLM-00965_v1.png
CLM-00283,train,Valid Claim,0,cards/train/Valid Claim/CLM-00283_v0.png
CLM-00283,train,Valid Claim,1,cards/train/Valid Claim/CLM-00283_v1.png
CLM-01337,train,Manual Review,0,cards/train/Manual Review/CLM-01337_v0.png
CLM-01337,train,Manual Review,1,cards/train/Manual Review/CLM-01337_v1.png
CLM-00202,train,Valid Claim,0,cards/train/Valid Claim/CLM-00202_v0.png
CLM-00202,train,Valid Claim,1,cards/train/Valid Claim/CLM-00202_v1.png
CLM-00392,train,Valid Claim,0,cards/train/Valid Claim/CLM-00392_v0.png
CLM-00392,train,Valid Claim,1,cards/train/Valid Claim/CLM-00392_v1.png
CLM-01048,train,Manual Review,0,cards/train/Manual Review/CLM-01048_v0.png
CLM-01048,train,Manual Review,1,cards/train/Manual Review/CLM-01048_v1.png
CLM-01099,train,Manual Review,0,cards/train/Manual Review/CLM-01099_v0.png
CLM-01099,train,Manual Review,1,cards/train/Manual Review/CLM-01099_v1.png
CLM-00652,train,Invalid Claim,0,cards/train/Invalid Claim/CLM-00652_v0.png
CLM-00652,train,Invalid Claim,1,cards/train/Invalid Claim/CLM-00652_v1.png
CLM-01210,train,Manual Review,0,cards/train/Manual Review/CLM-01210_v0.png
CLM-01210,train,Manual Review,1,cards/train/Manual Review/CLM-01210_v1.png
CLM-00271,train,Valid Claim,0,cards/train/Valid Claim/CLM-00271_v0.png
CLM-00271,train,Valid Claim,1,cards/train/Valid Claim/CLM-00271_v1.png
CLM-00956,train,Invalid Claim,0,cards/train/Invalid Claim/CLM-00956_v0.png
CLM-00956,train,Invalid Claim,1,cards/train/Invalid Claim/CLM-00956_v1.png
CLM-00358,train,Valid Claim,0,cards/train/Valid Claim/CLM-00358_v0.png
CLM-00358,train,Valid Claim,1,cards/train/Valid Claim/CLM-00358_v1.png
CLM-00992,train,Invalid Claim,0,cards/train/Invalid Claim/CLM-00992_v0.png
CLM-00992,train,Invalid Claim,1,cards/train/Invalid Claim/CLM-00992_v1.png
CLM-00574,train,Invalid Claim,0,cards/train/Invalid Claim/CLM-00574_v0.png
CLM-00574,train,Invalid Claim,1,cards/train/Invalid Claim/CLM-00574_v1.png
CLM-01012,train,Manual Review,0,cards/train/Manual Review/CLM-01012_v0.png
CLM-01012,train,Manual Review,1,cards/train/Manual Review/CLM-01012_v1.png
CLM-00321,train,Valid Claim,0,cards/train/Valid Claim/CLM-00321_v0.png
CLM-00321,train,Valid Claim,1,cards/train/Valid Claim/CLM-00321_v1.png
CLM-00015,train,Valid Claim,0,cards/train/Valid Claim/CLM-00015_v0.png
CLM-00015,train,Valid Claim,1,cards/train/Valid Claim/CLM-00015_v1.png
CLM-00043,train,Valid Claim,0,cards/train/Valid Claim/CLM-00043_v0.png
CLM-00043,train,Valid Claim,1,cards/train/Valid Claim/CLM-00043_v1.png
CLM-00028,train,Valid Claim,0,cards/train/Valid Claim/CLM-00028_v0.png
CLM-00028,train,Valid Claim,1,cards/train/Valid Claim/CLM-00028_v1.png
CLM-00444,train,Valid Claim,0,cards/train/Valid Claim/CLM-00444_v0.png
CLM-00444,train,Valid Claim,1,cards/train/Valid Claim/CLM-00444_v1.png
CLM-00513,train,Invalid Claim,0,cards/train/Invalid Claim/CLM-00513_v0.png
CLM-00513,train,Invalid Claim,1,cards/train/Invalid Claim/CLM-00513_v1.png
CLM-01216,train,Manual Review,0,cards/train/Manual Review/CLM-01216_v0.png
CLM-01216,train,Manual Review,1,cards/train/Manual Review/CLM-01216_v1.png
CLM-00791,train,Invalid Claim,0,cards/train/Invalid Claim/CLM-00791_v0.png
CLM-00791,train,Invalid Claim,1,cards/train/Invalid Claim/CLM-00791_v1.png
CLM-01490,train,Valid Claim,0,cards/train/Valid Claim/CLM-01490_v0.png
CLM-01490,train,Valid Claim,1,cards/train/Valid Claim/CLM-01490_v1.png
CLM-00648,train,Invalid Claim,0,cards/train/Invalid Claim/CLM-00648_v0.png
CLM-00648,train,Invalid Claim,1,cards/train/Invalid Claim/CLM-00648_v1.png
CLM-00944,train,Invalid Claim,0,cards/train/Invalid Claim/CLM-00944_v0.png
CLM-00944,train,Invalid Claim,1,cards/train/Invalid Claim/CLM-00944_v1.png
CLM-00394,train,Valid Claim,0,cards/train/Valid Claim/CLM-00394_v0.png
CLM-00394,train,Valid Claim,1,cards/train/Valid Claim/CLM-00394_v1.png
CLM-00066,train,Valid Claim,0,cards/train/Valid Claim/CLM-00066_v0.png
CLM-00066,train,Valid Claim,1,cards/train/Valid Claim/CLM-00066_v1.png
CLM-00573,train,Invalid Claim,0,cards/train/Invalid Claim/CLM-00573_v0.png
CLM-00573,train,Invalid Claim,1,cards/train/Invalid Claim/CLM-00573_v1.png
CLM-00844,train,Invalid Claim,0,cards/train/Invalid Claim/CLM-00844_v0.png
CLM-00844,train,Invalid Claim,1,cards/train/Invalid Claim/CLM-00844_v1.png
CLM-00845,train,Invalid Claim,0,cards/train/Invalid Claim/CLM-00845_v0.png
CLM-00845,train,Invalid Claim,1,cards/train/Invalid Claim/CLM-00845_v1.png
CLM-01383,train,Valid Claim,0,cards/train/Valid Claim/CLM-01383_v0.png
CLM-01383,train,Valid Claim,1,cards/train/Valid Claim/CLM-01383_v1.png
CLM-01153,train,Manual Review,0,cards/train/Manual Review/CLM-01153_v0.png
CLM-01153,train,Manual Review,1,cards/train/Manual Review/CLM-01153_v1.png
CLM-01158,train,Manual Review,0,cards/train/Manual Review/CLM-01158_v0.png
CLM-01158,train,Manual Review,1,cards/train/Manual Review/CLM-01158_v1.png
CLM-01480,train,Manual Review,0,cards/train/Manual Review/CLM-01480_v0.png
CLM-01480,train,Manual Review,1,cards/train/Manual Review/CLM-01480_v1.png
CLM-00045,train,Valid Claim,0,cards/train/Valid Claim/CLM-00045_v0.png
CLM-00045,train,Valid Claim,1,cards/train/Valid Claim/CLM-00045_v1.png
CLM-01007,train,Manual Review,0,cards/train/Manual Review/CLM-01007_v0.png
CLM-01007,train,Manual Review,1,cards/train/Manual Review/CLM-01007_v1.png
CLM-00297,train,Valid Claim,0,cards/train/Valid Claim/CLM-00297_v0.png
CLM-00297,train,Valid Claim,1,cards/train/Valid Claim/CLM-00297_v1.png
CLM-01169,train,Manual Review,0,cards/train/Manual Review/CLM-01169_v0.png
CLM-01169,train,Manual Review,1,cards/train/Manual Review/CLM-01169_v1.png
CLM-01335,train,Manual Review,0,cards/train/Manual Review/CLM-01335_v0.png
CLM-01335,train,Manual Review,1,cards/train/Manual Review/CLM-01335_v1.png
CLM-01171,train,Manual Review,0,cards/train/Manual Review/CLM-01171_v0.png
CLM-01171,train,Manual Review,1,cards/train/Manual Review/CLM-01171_v1.png
CLM-00923,train,Invalid Claim,0,cards/train/Invalid Claim/CLM-00923_v0.png
CLM-00923,train,Invalid Claim,1,cards/train/Invalid Claim/CLM-00923_v1.png
CLM-01402,train,Manual Review,0,cards/train/Manual Review/CLM-01402_v0.png
CLM-01402,train,Manual Review,1,cards/train/Manual Review/CLM-01402_v1.png
CLM-00013,train,Valid Claim,0,cards/train/Valid Claim/CLM-00013_v0.png
CLM-00013,train,Valid Claim,1,cards/train/Valid Claim/CLM-00013_v1.png
CLM-01274,train,Manual Review,0,cards/train/Manual Review/CLM-01274_v0.png
CLM-01274,train,Manual Review,1,cards/train/Manual Review/CLM-01274_v1.png
CLM-00453,train,Valid Claim,0,cards/train/Valid Claim/CLM-00453_v0.png
CLM-00453,train,Valid Claim,1,cards/train/Valid Claim/CLM-00453_v1.png
CLM-00628,train,Invalid Claim,0,cards/train/Invalid Claim/CLM-00628_v0.png
CLM-00628,train,Invalid Claim,1,cards/train/Invalid Claim/CLM-00628_v1.png
CLM-00261,train,Valid Claim,0,cards/train/Valid Claim/CLM-00261_v0.png
CLM-00261,train,Valid Claim,1,cards/train/Valid Claim/CLM-00261_v1.png
CLM-01424,train,Manual Review,0,cards/train/Manual Review/CLM-01424_v0.png
CLM-01424,train,Manual Review,1,cards/train/Manual Review/CLM-01424_v1.png
CLM-01121,train,Valid Claim,0,cards/train/Valid Claim/CLM-01121_v0.png
CLM-01121,train,Valid Claim,1,cards/train/Valid Claim/CLM-01121_v1.png
CLM-00016,train,Valid Claim,0,cards/train/Valid Claim/CLM-00016_v0.png
CLM-00016,train,Valid Claim,1,cards/train/Valid Claim/CLM-00016_v1.png
CLM-00426,train,Valid Claim,0,cards/train/Valid Claim/CLM-00426_v0.png
CLM-00426,train,Valid Claim,1,cards/train/Valid Claim/CLM-00426_v1.png
CLM-00466,train,Valid Claim,0,cards/train/Valid Claim/CLM-00466_v0.png
CLM-00466,train,Valid Claim,1,cards/train/Valid Claim/CLM-00466_v1.png
CLM-00759,train,Invalid Claim,0,cards/train/Invalid Claim/CLM-00759_v0.png
CLM-00759,train,Invalid Claim,1,cards/train/Invalid Claim/CLM-00759_v1.png
CLM-01478,train,Manual Review,0,cards/train/Manual Review/CLM-01478_v0.png
CLM-01478,train,Manual Review,1,cards/train/Manual Review/CLM-01478_v1.png
CLM-00511,train,Invalid Claim,0,cards/train/Invalid Claim/CLM-00511_v0.png
CLM-00511,train,Invalid Claim,1,cards/train/Invalid Claim/CLM-00511_v1.png
CLM-01166,train,Manual Review,0,cards/train/Manual Review/CLM-01166_v0.png
CLM-01166,train,Manual Review,1,cards/train/Manual Review/CLM-01166_v1.png
CLM-00237,train,Valid Claim,0,cards/train/Valid Claim/CLM-00237_v0.png
CLM-00237,train,Valid Claim,1,cards/train/Valid Claim/CLM-00237_v1.png
CLM-01132,train,Manual Review,0,cards/train/Manual Review/CLM-01132_v0.png
CLM-01132,train,Manual Review,1,cards/train/Manual Review/CLM-01132_v1.png
CLM-01434,train,Manual Review,0,cards/train/Manual Review/CLM-01434_v0.png
CLM-01434,train,Manual Review,1,cards/train/Manual Review/CLM-01434_v1.png
CLM-01096,train,Manual Review,0,cards/train/Manual Review/CLM-01096_v0.png
CLM-01096,train,Manual Review,1,cards/train/Manual Review/CLM-01096_v1.png
CLM-01498,train,Manual Review,0,cards/train/Manual Review/CLM-01498_v0.png
CLM-01498,train,Manual Review,1,cards/train/Manual Review/CLM-01498_v1.png
CLM-01117,train,Manual Review,0,cards/train/Manual Review/CLM-01117_v0.png
CLM-01117,train,Manual Review,1,cards/train/Manual Review/CLM-01117_v1.png
CLM-00895,train,Invalid Claim,0,cards/train/Invalid Claim/CLM-00895_v0.png
CLM-00895,train,Invalid Claim,1,cards/train/Invalid Claim/CLM-00895_v1.png
CLM-00352,train,Valid Claim,0,cards/train/Valid Claim/CLM-00352_v0.png
CLM-00352,train,Valid Claim,1,cards/train/Valid Claim/CLM-00352_v1.png
CLM-00198,train,Valid Claim,0,cards/train/Valid Claim/CLM-00198_v0.png
CLM-00198,train,Valid Claim,1,cards/train/Valid Claim/CLM-00198_v1.png
CLM-00985,train,Invalid Claim,0,cards/train/Invalid Claim/CLM-00985_v0.png
CLM-00985,train,Invalid Claim,1,cards/train/Invalid Claim/CLM-00985_v1.png
CLM-00582,train,Invalid Claim,0,cards/train/Invalid Claim/CLM-00582_v0.png
CLM-00582,train,Invalid Claim,1,cards/train/Invalid Claim/CLM-00582_v1.png
CLM-00780,train,Invalid Claim,0,cards/train/Invalid Claim/CLM-00780_v0.png
CLM-00780,train,Invalid Claim,1,cards/train/Invalid Claim/CLM-00780_v1.png
CLM-00584,train,Invalid Claim,0,cards/train/Invalid Claim/CLM-00584_v0.png
CLM-00584,train,Invalid Claim,1,cards/train/Invalid Claim/CLM-00584_v1.png
CLM-00990,train,Invalid Claim,0,cards/train/Invalid Claim/CLM-00990_v0.png
CLM-00990,train,Invalid Claim,1,cards/train/Invalid Claim/CLM-00990_v1.png
CLM-00736,train,Invalid Claim,0,cards/train/Invalid Claim/CLM-00736_v0.png
CLM-00736,train,Invalid Claim,1,cards/train/Invalid Claim/CLM-00736_v1.png
CLM-00356,train,Valid Claim,0,cards/train/Valid Claim/CLM-00356_v0.png
CLM-00356,train,Valid Claim,1,cards/train/Valid Claim/CLM-00356_v1.png
CLM-01464,train,Manual Review,0,cards/train/Manual Review/CLM-01464_v0.png
CLM-01464,train,Manual Review,1,cards/train/Manual Review/CLM-01464_v1.png
CLM-00285,train,Valid Claim,0,cards/train/Valid Claim/CLM-00285_v0.png
CLM-00285,train,Valid Claim,1,cards/train/Valid Claim/CLM-00285_v1.png
CLM-00919,train,Invalid Claim,0,cards/train/Invalid Claim/CLM-00919_v0.png
CLM-00919,train,Invalid Claim,1,cards/train/Invalid Claim/CLM-00919_v1.png
CLM-00964,train,Invalid Claim,0,cards/train/Invalid Claim/CLM-00964_v0.png
CLM-00964,train,Invalid Claim,1,cards/train/Invalid Claim/CLM-00964_v1.png
CLM-00207,train,Valid Claim,0,cards/train/Valid Claim/CLM-00207_v0.png
CLM-00207,train,Valid Claim,1,cards/train/Valid Claim/CLM-00207_v1.png
CLM-00247,train,Valid Claim,0,cards/train/Valid Claim/CLM-00247_v0.png
CLM-00247,train,Valid Claim,1,cards/train/Valid Claim/CLM-00247_v1.png
CLM-00500,train,Valid Claim,0,cards/train/Valid Claim/CLM-00500_v0.png
CLM-00500,train,Valid Claim,1,cards/train/Valid Claim/CLM-00500_v1.png
CLM-01238,train,Manual Review,0,cards/train/Manual Review/CLM-01238_v0.png
CLM-01238,train,Manual Review,1,cards/train/Manual Review/CLM-01238_v1.png
CLM-00039,train,Valid Claim,0,cards/train/Valid Claim/CLM-00039_v0.png
CLM-00039,train,Valid Claim,1,cards/train/Valid Claim/CLM-00039_v1.png
CLM-01359,train,Manual Review,0,cards/train/Manual Review/CLM-01359_v0.png
CLM-01359,train,Manual Review,1,cards/train/Manual Review/CLM-01359_v1.png
CLM-00916,train,Invalid Claim,0,cards/train/Invalid Claim/CLM-00916_v0.png
CLM-00916,train,Invalid Claim,1,cards/train/Invalid Claim/CLM-00916_v1.png
CLM-00432,train,Valid Claim,0,cards/train/Valid Claim/CLM-00432_v0.png
CLM-00432,train,Valid Claim,1,cards/train/Valid Claim/CLM-00432_v1.png
CLM-00647,train,Invalid Claim,0,cards/train/Invalid Claim/CLM-00647_v0.png
CLM-00647,train,Invalid Claim,1,cards/train/Invalid Claim/CLM-00647_v1.png
CLM-00317,train,Valid Claim,0,cards/train/Valid Claim/CLM-00317_v0.png
CLM-00317,train,Valid Claim,1,cards/train/Valid Claim/CLM-00317_v1.png
CLM-00121,train,Valid Claim,0,cards/train/Valid Claim/CLM-00121_v0.png
CLM-00121,train,Valid Claim,1,cards/train/Valid Claim/CLM-00121_v1.png
CLM-00084,train,Valid Claim,0,cards/train/Valid Claim/CLM-00084_v0.png
CLM-00084,train,Valid Claim,1,cards/train/Valid Claim/CLM-00084_v1.png
CLM-00295,train,Valid Claim,0,cards/train/Valid Claim/CLM-00295_v0.png
CLM-00295,train,Valid Claim,1,cards/train/Valid Claim/CLM-00295_v1.png
CLM-01365,train,Manual Review,0,cards/train/Manual Review/CLM-01365_v0.png
CLM-01365,train,Manual Review,1,cards/train/Manual Review/CLM-01365_v1.png
CLM-01130,train,Manual Review,0,cards/train/Manual Review/CLM-01130_v0.png
CLM-01130,train,Manual Review,1,cards/train/Manual Review/CLM-01130_v1.png
CLM-00010,train,Manual Review,0,cards/train/Manual Review/CLM-00010_v0.png
CLM-00010,train,Manual Review,1,cards/train/Manual Review/CLM-00010_v1.png
CLM-01475,train,Manual Review,0,cards/train/Manual Review/CLM-01475_v0.png
CLM-01475,train,Manual Review,1,cards/train/Manual Review/CLM-01475_v1.png
CLM-00308,train,Valid Claim,0,cards/train/Valid Claim/CLM-00308_v0.png
CLM-00308,train,Valid Claim,1,cards/train/Valid Claim/CLM-00308_v1.png
CLM-00162,train,Valid Claim,0,cards/train/Valid Claim/CLM-00162_v0.png
CLM-00162,train,Valid Claim,1,cards/train/Valid Claim/CLM-00162_v1.png
CLM-01097,train,Manual Review,0,cards/train/Manual Review/CLM-01097_v0.png
CLM-01097,train,Manual Review,1,cards/train/Manual Review/CLM-01097_v1.png
CLM-00722,train,Invalid Claim,0,cards/train/Invalid Claim/CLM-00722_v0.png
CLM-00722,train,Invalid Claim,1,cards/train/Invalid Claim/CLM-00722_v1.png
CLM-01469,train,Manual Review,0,cards/train/Manual Review/CLM-01469_v0.png
CLM-01469,train,Manual Review,1,cards/train/Manual Review/CLM-01469_v1.png
CLM-00585,train,Invalid Claim,0,cards/train/Invalid Claim/CLM-00585_v0.png
CLM-00585,train,Invalid Claim,1,cards/train/Invalid Claim/CLM-00585_v1.png
CLM-01291,train,Manual Review,0,cards/train/Manual Review/CLM-01291_v0.png
CLM-01291,train,Manual Review,1,cards/train/Manual Review/CLM-01291_v1.png
CLM-00088,train,Valid Claim,0,cards/train/Valid Claim/CLM-00088_v0.png
CLM-00088,train,Valid Claim,1,cards/train/Valid Claim/CLM-00088_v1.png
CLM-00936,train,Invalid Claim,0,cards/train/Invalid Claim/CLM-00936_v0.png
CLM-00936,train,Invalid Claim,1,cards/train/Invalid Claim/CLM-00936_v1.png
CLM-00181,train,Valid Claim,0,cards/train/Valid Claim/CLM-00181_v0.png
CLM-00181,train,Valid Claim,1,cards/train/Valid Claim/CLM-00181_v1.png
CLM-01271,train,Manual Review,0,cards/train/Manual Review/CLM-01271_v0.png
CLM-01271,train,Manual Review,1,cards/train/Manual Review/CLM-01271_v1.png
CLM-00341,train,Valid Claim,0,cards/train/Valid Claim/CLM-00341_v0.png
CLM-00341,train,Valid Claim,1,cards/train/Valid Claim/CLM-00341_v1.png
CLM-00903,train,Invalid Claim,0,cards/train/Invalid Claim/CLM-00903_v0.png
CLM-00903,train,Invalid Claim,1,cards/train/Invalid Claim/CLM-00903_v1.png
CLM-01163,train,Manual Review,0,cards/train/Manual Review/CLM-01163_v0.png
CLM-01163,train,Manual Review,1,cards/train/Manual Review/CLM-01163_v1.png
CLM-00947,train,Invalid Claim,0,cards/train/Invalid Claim/CLM-00947_v0.png
CLM-00947,train,Invalid Claim,1,cards/train/Invalid Claim/CLM-00947_v1.png
CLM-00600,train,Invalid Claim,0,cards/train/Invalid Claim/CLM-00600_v0.png
CLM-00600,train,Invalid Claim,1,cards/train/Invalid Claim/CLM-00600_v1.png
CLM-01442,train,Manual Review,0,cards/train/Manual Review/CLM-01442_v0.png
CLM-01442,train,Manual Review,1,cards/train/Manual Review/CLM-01442_v1.png
CLM-01318,train,Manual Review,0,cards/train/Manual Review/CLM-01318_v0.png
CLM-01318,train,Manual Review,1,cards/train/Manual Review/CLM-01318_v1.png
CLM-00009,train,Valid Claim,0,cards/train/Valid Claim/CLM-00009_v0.png
CLM-00009,train,Valid Claim,1,cards/train/Valid Claim/CLM-00009_v1.png
CLM-00304,train,Valid Claim,0,cards/train/Valid Claim/CLM-00304_v0.png
CLM-00304,train,Valid Claim,1,cards/train/Valid Claim/CLM-00304_v1.png
CLM-01261,train,Manual Review,0,cards/train/Manual Review/CLM-01261_v0.png
CLM-01261,train,Manual Review,1,cards/train/Manual Review/CLM-01261_v1.png
CLM-00365,train,Valid Claim,0,cards/train/Valid Claim/CLM-00365_v0.png
CLM-00365,train,Valid Claim,1,cards/train/Valid Claim/CLM-00365_v1.png
CLM-00023,train,Valid Claim,0,cards/train/Valid Claim/CLM-00023_v0.png
CLM-00023,train,Valid Claim,1,cards/train/Valid Claim/CLM-00023_v1.png
CLM-00641,train,Manual Review,0,cards/train/Manual Review/CLM-00641_v0.png
CLM-00641,train,Manual Review,1,cards/train/Manual Review/CLM-00641_v1.png
CLM-00619,train,Invalid Claim,0,cards/train/Invalid Claim/CLM-00619_v0.png
CLM-00619,train,Invalid Claim,1,cards/train/Invalid Claim/CLM-00619_v1.png
CLM-00469,train,Valid Claim,0,cards/train/Valid Claim/CLM-00469_v0.png
CLM-00469,train,Valid Claim,1,cards/train/Valid Claim/CLM-00469_v1.png
CLM-01373,train,Valid Claim,0,cards/train/Valid Claim/CLM-01373_v0.png
CLM-01373,train,Valid Claim,1,cards/train/Valid Claim/CLM-01373_v1.png
CLM-01438,train,Manual Review,0,cards/train/Manual Review/CLM-01438_v0.png
CLM-01438,train,Manual Review,1,cards/train/Manual Review/CLM-01438_v1.png
CLM-00663,train,Invalid Claim,0,cards/train/Invalid Claim/CLM-00663_v0.png
CLM-00663,train,Invalid Claim,1,cards/train/Invalid Claim/CLM-00663_v1.png
CLM-00397,train,Valid Claim,0,cards/train/Valid Claim/CLM-00397_v0.png
CLM-00397,train,Valid Claim,1,cards/train/Valid Claim/CLM-00397_v1.png
CLM-00411,train,Valid Claim,0,cards/train/Valid Claim/CLM-00411_v0.png
CLM-00411,train,Valid Claim,1,cards/train/Valid Claim/CLM-00411_v1.png
CLM-00568,train,Invalid Claim,0,cards/train/Invalid Claim/CLM-00568_v0.png
CLM-00568,train,Invalid Claim,1,cards/train/Invalid Claim/CLM-00568_v1.png
CLM-00980,train,Invalid Claim,0,cards/train/Invalid Claim/CLM-00980_v0.png
CLM-00980,train,Invalid Claim,1,cards/train/Invalid Claim/CLM-00980_v1.png
CLM-00900,train,Invalid Claim,0,cards/train/Invalid Claim/CLM-00900_v0.png
CLM-00900,train,Invalid Claim,1,cards/train/Invalid Claim/CLM-00900_v1.png
CLM-00774,train,Invalid Claim,0,cards/train/Invalid Claim/CLM-00774_v0.png
CLM-00774,train,Invalid Claim,1,cards/train/Invalid Claim/CLM-00774_v1.png
CLM-00350,train,Valid Claim,0,cards/train/Valid Claim/CLM-00350_v0.png
CLM-00350,train,Valid Claim,1,cards/train/Valid Claim/CLM-00350_v1.png
CLM-00534,train,Invalid Claim,0,cards/train/Invalid Claim/CLM-00534_v0.png
CLM-00534,train,Invalid Claim,1,cards/train/Invalid Claim/CLM-00534_v1.png
CLM-01038,train,Manual Review,0,cards/train/Manual Review/CLM-01038_v0.png
CLM-01038,train,Manual Review,1,cards/train/Manual Review/CLM-01038_v1.png
CLM-00560,train,Invalid Claim,0,cards/train/Invalid Claim/CLM-00560_v0.png
CLM-00560,train,Invalid Claim,1,cards/train/Invalid Claim/CLM-00560_v1.png
CLM-00675,train,Invalid Claim,0,cards/train/Invalid Claim/CLM-00675_v0.png
CLM-00675,train,Invalid Claim,1,cards/train/Invalid Claim/CLM-00675_v1.png
CLM-00188,train,Valid Claim,0,cards/train/Valid Claim/CLM-00188_v0.png
CLM-00188,train,Valid Claim,1,cards/train/Valid Claim/CLM-00188_v1.png
CLM-01423,train,Manual Review,0,cards/train/Manual Review/CLM-01423_v0.png
CLM-01423,train,Manual Review,1,cards/train/Manual Review/CLM-01423_v1.png
CLM-01220,train,Manual Review,0,cards/train/Manual Review/CLM-01220_v0.png
CLM-01220,train,Manual Review,1,cards/train/Manual Review/CLM-01220_v1.png
CLM-01327,train,Manual Review,0,cards/train/Manual Review/CLM-01327_v0.png
CLM-01327,train,Manual Review,1,cards/train/Manual Review/CLM-01327_v1.png
CLM-01336,train,Manual Review,0,cards/train/Manual Review/CLM-01336_v0.png
CLM-01336,train,Manual Review,1,cards/train/Manual Review/CLM-01336_v1.png
CLM-01368,train,Manual Review,0,cards/train/Manual Review/CLM-01368_v0.png
CLM-01368,train,Manual Review,1,cards/train/Manual Review/CLM-01368_v1.png
CLM-00832,train,Invalid Claim,0,cards/train/Invalid Claim/CLM-00832_v0.png
CLM-00832,train,Invalid Claim,1,cards/train/Invalid Claim/CLM-00832_v1.png
CLM-00684,train,Invalid Claim,0,cards/train/Invalid Claim/CLM-00684_v0.png
CLM-00684,train,Invalid Claim,1,cards/train/Invalid Claim/CLM-00684_v1.png
CLM-00017,train,Valid Claim,0,cards/train/Valid Claim/CLM-00017_v0.png
CLM-00017,train,Valid Claim,1,cards/train/Valid Claim/CLM-00017_v1.png
CLM-01015,train,Manual Review,0,cards/train/Manual Review/CLM-01015_v0.png
CLM-01015,train,Manual Review,1,cards/train/Manual Review/CLM-01015_v1.png
CLM-00746,train,Invalid Claim,0,cards/train/Invalid Claim/CLM-00746_v0.png
CLM-00746,train,Invalid Claim,1,cards/train/Invalid Claim/CLM-00746_v1.png
CLM-00655,train,Invalid Claim,0,cards/train/Invalid Claim/CLM-00655_v0.png
CLM-00655,train,Invalid Claim,1,cards/train/Invalid Claim/CLM-00655_v1.png
CLM-01488,train,Manual Review,0,cards/train/Manual Review/CLM-01488_v0.png
CLM-01488,train,Manual Review,1,cards/train/Manual Review/CLM-01488_v1.png
CLM-01324,train,Manual Review,0,cards/train/Manual Review/CLM-01324_v0.png
CLM-01324,train,Manual Review,1,cards/train/Manual Review/CLM-01324_v1.png
CLM-00789,train,Invalid Claim,0,cards/train/Invalid Claim/CLM-00789_v0.png
CLM-00789,train,Invalid Claim,1,cards/train/Invalid Claim/CLM-00789_v1.png
CLM-01083,train,Manual Review,0,cards/train/Manual Review/CLM-01083_v0.png
CLM-01083,train,Manual Review,1,cards/train/Manual Review/CLM-01083_v1.png
CLM-00589,train,Invalid Claim,0,cards/train/Invalid Claim/CLM-00589_v0.png
CLM-00589,train,Invalid Claim,1,cards/train/Invalid Claim/CLM-00589_v1.png
CLM-00850,train,Invalid Claim,0,cards/train/Invalid Claim/CLM-00850_v0.png
CLM-00850,train,Invalid Claim,1,cards/train/Invalid Claim/CLM-00850_v1.png
CLM-00133,train,Valid Claim,0,cards/train/Valid Claim/CLM-00133_v0.png
CLM-00133,train,Valid Claim,1,cards/train/Valid Claim/CLM-00133_v1.png
CLM-01026,train,Manual Review,0,cards/train/Manual Review/CLM-01026_v0.png
CLM-01026,train,Manual Review,1,cards/train/Manual Review/CLM-01026_v1.png
CLM-01002,train,Manual Review,0,cards/train/Manual Review/CLM-01002_v0.png
CLM-01002,train,Manual Review,1,cards/train/Manual Review/CLM-01002_v1.png
CLM-00338,train,Valid Claim,0,cards/train/Valid Claim/CLM-00338_v0.png
CLM-00338,train,Valid Claim,1,cards/train/Valid Claim/CLM-00338_v1.png
CLM-00105,train,Valid Claim,0,cards/train/Valid Claim/CLM-00105_v0.png
CLM-00105,train,Valid Claim,1,cards/train/Valid Claim/CLM-00105_v1.png
CLM-00920,train,Invalid Claim,0,cards/train/Invalid Claim/CLM-00920_v0.png
CLM-00920,train,Invalid Claim,1,cards/train/Invalid Claim/CLM-00920_v1.png
CLM-01440,train,Manual Review,0,cards/train/Manual Review/CLM-01440_v0.png
CLM-01440,train,Manual Review,1,cards/train/Manual Review/CLM-01440_v1.png
CLM-01375,train,Manual Review,0,cards/train/Manual Review/CLM-01375_v0.png
CLM-01375,train,Manual Review,1,cards/train/Manual Review/CLM-01375_v1.png
CLM-00138,train,Valid Claim,0,cards/train/Valid Claim/CLM-00138_v0.png
CLM-00138,train,Valid Claim,1,cards/train/Valid Claim/CLM-00138_v1.png
CLM-00681,train,Invalid Claim,0,cards/train/Invalid Claim/CLM-00681_v0.png
CLM-00681,train,Invalid Claim,1,cards/train/Invalid Claim/CLM-00681_v1.png
CLM-00213,train,Valid Claim,0,cards/train/Valid Claim/CLM-00213_v0.png
CLM-00213,train,Valid Claim,1,cards/train/Valid Claim/CLM-00213_v1.png
CLM-00868,train,Invalid Claim,0,cards/train/Invalid Claim/CLM-00868_v0.png
CLM-00868,train,Invalid Claim,1,cards/train/Invalid Claim/CLM-00868_v1.png
CLM-01449,train,Manual Review,0,cards/train/Manual Review/CLM-01449_v0.png
CLM-01449,train,Manual Review,1,cards/train/Manual Review/CLM-01449_v1.png
CLM-00545,train,Invalid Claim,0,cards/train/Invalid Claim/CLM-00545_v0.png
CLM-00545,train,Invalid Claim,1,cards/train/Invalid Claim/CLM-00545_v1.png
CLM-00038,train,Valid Claim,0,cards/train/Valid Claim/CLM-00038_v0.png
CLM-00038,train,Valid Claim,1,cards/train/Valid Claim/CLM-00038_v1.png
CLM-00566,train,Invalid Claim,0,cards/train/Invalid Claim/CLM-00566_v0.png
CLM-00566,train,Invalid Claim,1,cards/train/Invalid Claim/CLM-00566_v1.png
CLM-00576,train,Invalid Claim,0,cards/train/Invalid Claim/CLM-00576_v0.png
CLM-00576,train,Invalid Claim,1,cards/train/Invalid Claim/CLM-00576_v1.png
CLM-00210,train,Valid Claim,0,cards/train/Valid Claim/CLM-00210_v0.png
CLM-00210,train,Valid Claim,1,cards/train/Valid Claim/CLM-00210_v1.png
CLM-00092,train,Valid Claim,0,cards/train/Valid Claim/CLM-00092_v0.png
CLM-00092,train,Valid Claim,1,cards/train/Valid Claim/CLM-00092_v1.png
CLM-00155,train,Valid Claim,0,cards/train/Valid Claim/CLM-00155_v0.png
CLM-00155,train,Valid Claim,1,cards/train/Valid Claim/CLM-00155_v1.png
CLM-01396,train,Manual Review,0,cards/train/Manual Review/CLM-01396_v0.png
CLM-01396,train,Manual Review,1,cards/train/Manual Review/CLM-01396_v1.png
CLM-00559,train,Invalid Claim,0,cards/train/Invalid Claim/CLM-00559_v0.png
CLM-00559,train,Invalid Claim,1,cards/train/Invalid Claim/CLM-00559_v1.png
CLM-01282,train,Manual Review,0,cards/train/Manual Review/CLM-01282_v0.png
CLM-01282,train,Manual Review,1,cards/train/Manual Review/CLM-01282_v1.png
CLM-00175,train,Valid Claim,0,cards/train/Valid Claim/CLM-00175_v0.png
CLM-00175,train,Valid Claim,1,cards/train/Valid Claim/CLM-00175_v1.png
CLM-01332,train,Manual Review,0,cards/train/Manual Review/CLM-01332_v0.png
CLM-01332,train,Manual Review,1,cards/train/Manual Review/CLM-01332_v1.png
CLM-00837,train,Invalid Claim,0,cards/train/Invalid Claim/CLM-00837_v0.png
CLM-00837,train,Invalid Claim,1,cards/train/Invalid Claim/CLM-00837_v1.png
CLM-00751,train,Invalid Claim,0,cards/train/Invalid Claim/CLM-00751_v0.png
CLM-00751,train,Invalid Claim,1,cards/train/Invalid Claim/CLM-00751_v1.png
CLM-01247,train,Manual Review,0,cards/train/Manual Review/CLM-01247_v0.png
CLM-01247,train,Manual Review,1,cards/train/Manual Review/CLM-01247_v1.png
CLM-00725,train,Invalid Claim,0,cards/train/Invalid Claim/CLM-00725_v0.png
CLM-00725,train,Invalid Claim,1,cards/train/Invalid Claim/CLM-00725_v1.png
CLM-01033,train,Manual Review,0,cards/train/Manual Review/CLM-01033_v0.png
CLM-01033,train,Manual Review,1,cards/train/Manual Review/CLM-01033_v1.png
CLM-00258,train,Valid Claim,0,cards/train/Valid Claim/CLM-00258_v0.png
CLM-00258,train,Valid Claim,1,cards/train/Valid Claim/CLM-00258_v1.png
CLM-00526,train,Invalid Claim,0,cards/train/Invalid Claim/CLM-00526_v0.png
CLM-00526,train,Invalid Claim,1,cards/train/Invalid Claim/CLM-00526_v1.png
CLM-01109,train,Manual Review,0,cards/train/Manual Review/CLM-01109_v0.png
CLM-01109,train,Manual Review,1,cards/train/Manual Review/CLM-01109_v1.png
CLM-01460,train,Manual Review,0,cards/train/Manual Review/CLM-01460_v0.png
CLM-01460,train,Manual Review,1,cards/train/Manual Review/CLM-01460_v1.png
CLM-01022,train,Manual Review,0,cards/train/Manual Review/CLM-01022_v0.png
CLM-01022,train,Manual Review,1,cards/train/Manual Review/CLM-01022_v1.png
CLM-00957,train,Invalid Claim,0,cards/train/Invalid Claim/CLM-00957_v0.png
CLM-00957,train,Invalid Claim,1,cards/train/Invalid Claim/CLM-00957_v1.png
CLM-01333,train,Manual Review,0,cards/train/Manual Review/CLM-01333_v0.png
CLM-01333,train,Manual Review,1,cards/train/Manual Review/CLM-01333_v1.png
CLM-00391,train,Valid Claim,0,cards/train/Valid Claim/CLM-00391_v0.png
CLM-00391,train,Valid Claim,1,cards/train/Valid Claim/CLM-00391_v1.png
CLM-00430,train,Valid Claim,0,cards/train/Valid Claim/CLM-00430_v0.png
CLM-00430,train,Valid Claim,1,cards/train/Valid Claim/CLM-00430_v1.png
CLM-01073,train,Manual Review,0,cards/train/Manual Review/CLM-01073_v0.png
CLM-01073,train,Manual Review,1,cards/train/Manual Review/CLM-01073_v1.png
CLM-00434,train,Valid Claim,0,cards/train/Valid Claim/CLM-00434_v0.png
CLM-00434,train,Valid Claim,1,cards/train/Valid Claim/CLM-00434_v1.png
CLM-00325,train,Valid Claim,0,cards/train/Valid Claim/CLM-00325_v0.png
CLM-00325,train,Valid Claim,1,cards/train/Valid Claim/CLM-00325_v1.png
CLM-01071,train,Manual Review,0,cards/train/Manual Review/CLM-01071_v0.png
CLM-01071,train,Manual Review,1,cards/train/Manual Review/CLM-01071_v1.png
CLM-00762,train,Invalid Claim,0,cards/train/Invalid Claim/CLM-00762_v0.png
CLM-00762,train,Invalid Claim,1,cards/train/Invalid Claim/CLM-00762_v1.png
CLM-01290,train,Manual Review,0,cards/train/Manual Review/CLM-01290_v0.png
CLM-01290,train,Manual Review,1,cards/train/Manual Review/CLM-01290_v1.png
CLM-00644,train,Invalid Claim,0,cards/train/Invalid Claim/CLM-00644_v0.png
CLM-00644,train,Invalid Claim,1,cards/train/Invalid Claim/CLM-00644_v1.png
CLM-00596,train,Invalid Claim,0,cards/train/Invalid Claim/CLM-00596_v0.png
CLM-00596,train,Invalid Claim,1,cards/train/Invalid Claim/CLM-00596_v1.png
CLM-00822,train,Invalid Claim,0,cards/train/Invalid Claim/CLM-00822_v0.png
CLM-00822,train,Invalid Claim,1,cards/train/Invalid Claim/CLM-00822_v1.png
CLM-00450,train,Valid Claim,0,cards/train/Valid Claim/CLM-00450_v0.png
CLM-00450,train,Valid Claim,1,cards/train/Valid Claim/CLM-00450_v1.png
CLM-01023,train,Manual Review,0,cards/train/Manual Review/CLM-01023_v0.png
CLM-01023,train,Manual Review,1,cards/train/Manual Review/CLM-01023_v1.png
CLM-00846,train,Invalid Claim,0,cards/train/Invalid Claim/CLM-00846_v0.png
CLM-00846,train,Invalid Claim,1,cards/train/Invalid Claim/CLM-00846_v1.png
CLM-00080,train,Valid Claim,0,cards/train/Valid Claim/CLM-00080_v0.png
CLM-00080,train,Valid Claim,1,cards/train/Valid Claim/CLM-00080_v1.png
CLM-00114,train,Valid Claim,0,cards/train/Valid Claim/CLM-00114_v0.png
CLM-00114,train,Valid Claim,1,cards/train/Valid Claim/CLM-00114_v1.png
CLM-01123,train,Manual Review,0,cards/train/Manual Review/CLM-01123_v0.png
CLM-01123,train,Manual Review,1,cards/train/Manual Review/CLM-01123_v1.png
CLM-00805,train,Invalid Claim,0,cards/train/Invalid Claim/CLM-00805_v0.png
CLM-00805,train,Invalid Claim,1,cards/train/Invalid Claim/CLM-00805_v1.png
CLM-00601,train,Invalid Claim,0,cards/train/Invalid Claim/CLM-00601_v0.png
CLM-00601,train,Invalid Claim,1,cards/train/Invalid Claim/CLM-00601_v1.png
CLM-00885,train,Invalid Claim,0,cards/train/Invalid Claim/CLM-00885_v0.png
CLM-00885,train,Invalid Claim,1,cards/train/Invalid Claim/CLM-00885_v1.png
CLM-00034,train,Valid Claim,0,cards/train/Valid Claim/CLM-00034_v0.png
CLM-00034,train,Valid Claim,1,cards/train/Valid Claim/CLM-00034_v1.png
CLM-00478,train,Valid Claim,0,cards/train/Valid Claim/CLM-00478_v0.png
CLM-00478,train,Valid Claim,1,cards/train/Valid Claim/CLM-00478_v1.png
CLM-00284,train,Valid Claim,0,cards/train/Valid Claim/CLM-00284_v0.png
CLM-00284,train,Valid Claim,1,cards/train/Valid Claim/CLM-00284_v1.png
CLM-00771,train,Invalid Claim,0,cards/train/Invalid Claim/CLM-00771_v0.png
CLM-00771,train,Invalid Claim,1,cards/train/Invalid Claim/CLM-00771_v1.png
CLM-01441,train,Manual Review,0,cards/train/Manual Review/CLM-01441_v0.png
CLM-01441,train,Manual Review,1,cards/train/Manual Review/CLM-01441_v1.png
CLM-00869,train,Invalid Claim,0,cards/train/Invalid Claim/CLM-00869_v0.png
CLM-00869,train,Invalid Claim,1,cards/train/Invalid Claim/CLM-00869_v1.png
CLM-01317,train,Manual Review,0,cards/train/Manual Review/CLM-01317_v0.png
CLM-01317,train,Manual Review,1,cards/train/Manual Review/CLM-01317_v1.png
CLM-00065,train,Valid Claim,0,cards/train/Valid Claim/CLM-00065_v0.png
CLM-00065,train,Valid Claim,1,cards/train/Valid Claim/CLM-00065_v1.png
CLM-01150,train,Manual Review,0,cards/train/Manual Review/CLM-01150_v0.png
CLM-01150,train,Manual Review,1,cards/train/Manual Review/CLM-01150_v1.png
CLM-01047,train,Manual Review,0,cards/train/Manual Review/CLM-01047_v0.png
CLM-01047,train,Manual Review,1,cards/train/Manual Review/CLM-01047_v1.png
CLM-01431,train,Manual Review,0,cards/train/Manual Review/CLM-01431_v0.png
CLM-01431,train,Manual Review,1,cards/train/Manual Review/CLM-01431_v1.png
CLM-01407,train,Valid Claim,0,cards/train/Valid Claim/CLM-01407_v0.png
CLM-01407,train,Valid Claim,1,cards/train/Valid Claim/CLM-01407_v1.png
CLM-01384,train,Manual Review,0,cards/train/Manual Review/CLM-01384_v0.png
CLM-01384,train,Manual Review,1,cards/train/Manual Review/CLM-01384_v1.png
CLM-00839,train,Invalid Claim,0,cards/train/Invalid Claim/CLM-00839_v0.png
CLM-00839,train,Invalid Claim,1,cards/train/Invalid Claim/CLM-00839_v1.png
CLM-00061,train,Valid Claim,0,cards/train/Valid Claim/CLM-00061_v0.png
CLM-00061,train,Valid Claim,1,cards/train/Valid Claim/CLM-00061_v1.png
CLM-00971,train,Invalid Claim,0,cards/train/Invalid Claim/CLM-00971_v0.png
CLM-00971,train,Invalid Claim,1,cards/train/Invalid Claim/CLM-00971_v1.png
CLM-01447,train,Manual Review,0,cards/train/Manual Review/CLM-01447_v0.png
CLM-01447,train,Manual Review,1,cards/train/Manual Review/CLM-01447_v1.png
CLM-00231,train,Valid Claim,0,cards/train/Valid Claim/CLM-00231_v0.png
CLM-00231,train,Valid Claim,1,cards/train/Valid Claim/CLM-00231_v1.png
CLM-01416,train,Valid Claim,0,cards/train/Valid Claim/CLM-01416_v0.png
CLM-01416,train,Valid Claim,1,cards/train/Valid Claim/CLM-01416_v1.png
CLM-00206,train,Valid Claim,0,cards/train/Valid Claim/CLM-00206_v0.png
CLM-00206,train,Valid Claim,1,cards/train/Valid Claim/CLM-00206_v1.png
CLM-00697,train,Invalid Claim,0,cards/train/Invalid Claim/CLM-00697_v0.png
CLM-00697,train,Invalid Claim,1,cards/train/Invalid Claim/CLM-00697_v1.png
CLM-00931,train,Invalid Claim,0,cards/train/Invalid Claim/CLM-00931_v0.png
CLM-00931,train,Invalid Claim,1,cards/train/Invalid Claim/CLM-00931_v1.png
CLM-00493,train,Valid Claim,0,cards/train/Valid Claim/CLM-00493_v0.png
CLM-00493,train,Valid Claim,1,cards/train/Valid Claim/CLM-00493_v1.png
CLM-00112,train,Valid Claim,0,cards/train/Valid Claim/CLM-00112_v0.png
CLM-00112,train,Valid Claim,1,cards/train/Valid Claim/CLM-00112_v1.png
CLM-01296,train,Manual Review,0,cards/train/Manual Review/CLM-01296_v0.png
CLM-01296,train,Manual Review,1,cards/train/Manual Review/CLM-01296_v1.png
CLM-00928,train,Invalid Claim,0,cards/train/Invalid Claim/CLM-00928_v0.png
CLM-00928,train,Invalid Claim,1,cards/train/Invalid Claim/CLM-00928_v1.png
CLM-00485,train,Valid Claim,0,cards/train/Valid Claim/CLM-00485_v0.png
CLM-00485,train,Valid Claim,1,cards/train/Valid Claim/CLM-00485_v1.png
CLM-01391,train,Manual Review,0,cards/train/Manual Review/CLM-01391_v0.png
CLM-01391,train,Manual Review,1,cards/train/Manual Review/CLM-01391_v1.png
CLM-00186,train,Valid Claim,0,cards/train/Valid Claim/CLM-00186_v0.png
CLM-00186,train,Valid Claim,1,cards/train/Valid Claim/CLM-00186_v1.png
CLM-00683,train,Invalid Claim,0,cards/train/Invalid Claim/CLM-00683_v0.png
CLM-00683,train,Invalid Claim,1,cards/train/Invalid Claim/CLM-00683_v1.png
CLM-00398,train,Valid Claim,0,cards/train/Valid Claim/CLM-00398_v0.png
CLM-00398,train,Valid Claim,1,cards/train/Valid Claim/CLM-00398_v1.png
CLM-00769,train,Invalid Claim,0,cards/train/Invalid Claim/CLM-00769_v0.png
CLM-00769,train,Invalid Claim,1,cards/train/Invalid Claim/CLM-00769_v1.png
CLM-00577,train,Invalid Claim,0,cards/train/Invalid Claim/CLM-00577_v0.png
CLM-00577,train,Invalid Claim,1,cards/train/Invalid Claim/CLM-00577_v1.png
CLM-00033,train,Valid Claim,0,cards/train/Valid Claim/CLM-00033_v0.png
CLM-00033,train,Valid Claim,1,cards/train/Valid Claim/CLM-00033_v1.png
CLM-00570,train,Invalid Claim,0,cards/train/Invalid Claim/CLM-00570_v0.png
CLM-00570,train,Invalid Claim,1,cards/train/Invalid Claim/CLM-00570_v1.png
CLM-01389,train,Manual Review,0,cards/train/Manual Review/CLM-01389_v0.png
CLM-01389,train,Manual Review,1,cards/train/Manual Review/CLM-01389_v1.png
CLM-00968,train,Invalid Claim,0,cards/train/Invalid Claim/CLM-00968_v0.png
CLM-00968,train,Invalid Claim,1,cards/train/Invalid Claim/CLM-00968_v1.png
CLM-00952,train,Invalid Claim,0,cards/train/Invalid Claim/CLM-00952_v0.png
CLM-00952,train,Invalid Claim,1,cards/train/Invalid Claim/CLM-00952_v1.png
CLM-00554,train,Invalid Claim,0,cards/train/Invalid Claim/CLM-00554_v0.png
CLM-00554,train,Invalid Claim,1,cards/train/Invalid Claim/CLM-00554_v1.png
CLM-01024,train,Manual Review,0,cards/train/Manual Review/CLM-01024_v0.png
CLM-01024,train,Manual Review,1,cards/train/Manual Review/CLM-01024_v1.png
CLM-00223,train,Valid Claim,0,cards/train/Valid Claim/CLM-00223_v0.png
CLM-00223,train,Valid Claim,1,cards/train/Valid Claim/CLM-00223_v1.png
CLM-01263,train,Manual Review,0,cards/train/Manual Review/CLM-01263_v0.png
CLM-01263,train,Manual Review,1,cards/train/Manual Review/CLM-01263_v1.png
CLM-01060,train,Manual Review,0,cards/train/Manual Review/CLM-01060_v0.png
CLM-01060,train,Manual Review,1,cards/train/Manual Review/CLM-01060_v1.png
CLM-01358,train,Manual Review,0,cards/train/Manual Review/CLM-01358_v0.png
CLM-01358,train,Manual Review,1,cards/train/Manual Review/CLM-01358_v1.png
CLM-00539,train,Invalid Claim,0,cards/train/Invalid Claim/CLM-00539_v0.png
CLM-00539,train,Invalid Claim,1,cards/train/Invalid Claim/CLM-00539_v1.png
CLM-00372,train,Valid Claim,0,cards/train/Valid Claim/CLM-00372_v0.png
CLM-00372,train,Valid Claim,1,cards/train/Valid Claim/CLM-00372_v1.png
CLM-00197,train,Valid Claim,0,cards/train/Valid Claim/CLM-00197_v0.png
CLM-00197,train,Valid Claim,1,cards/train/Valid Claim/CLM-00197_v1.png
CLM-00128,train,Valid Claim,0,cards/train/Valid Claim/CLM-00128_v0.png
CLM-00128,train,Valid Claim,1,cards/train/Valid Claim/CLM-00128_v1.png
CLM-00315,train,Invalid Claim,0,cards/train/Invalid Claim/CLM-00315_v0.png
CLM-00315,train,Invalid Claim,1,cards/train/Invalid Claim/CLM-00315_v1.png
CLM-00739,train,Invalid Claim,0,cards/train/Invalid Claim/CLM-00739_v0.png
CLM-00739,train,Invalid Claim,1,cards/train/Invalid Claim/CLM-00739_v1.png
CLM-00219,train,Valid Claim,0,cards/train/Valid Claim/CLM-00219_v0.png
CLM-00219,train,Valid Claim,1,cards/train/Valid Claim/CLM-00219_v1.png
CLM-00306,train,Manual Review,0,cards/train/Manual Review/CLM-00306_v0.png
CLM-00306,train,Manual Review,1,cards/train/Manual Review/CLM-00306_v1.png
CLM-00818,train,Invalid Claim,0,cards/train/Invalid Claim/CLM-00818_v0.png
CLM-00818,train,Invalid Claim,1,cards/train/Invalid Claim/CLM-00818_v1.png
CLM-01487,train,Manual Review,0,cards/train/Manual Review/CLM-01487_v0.png
CLM-01487,train,Manual Review,1,cards/train/Manual Review/CLM-01487_v1.png
CLM-00086,train,Valid Claim,0,cards/train/Valid Claim/CLM-00086_v0.png
CLM-00086,train,Valid Claim,1,cards/train/Valid Claim/CLM-00086_v1.png
CLM-00169,train,Valid Claim,0,cards/train/Valid Claim/CLM-00169_v0.png
CLM-00169,train,Valid Claim,1,cards/train/Valid Claim/CLM-00169_v1.png
CLM-01082,train,Manual Review,0,cards/train/Manual Review/CLM-01082_v0.png
CLM-01082,train,Manual Review,1,cards/train/Manual Review/CLM-01082_v1.png
CLM-00057,train,Invalid Claim,0,cards/train/Invalid Claim/CLM-00057_v0.png
CLM-00057,train,Invalid Claim,1,cards/train/Invalid Claim/CLM-00057_v1.png
CLM-01353,train,Manual Review,0,cards/train/Manual Review/CLM-01353_v0.png
CLM-01353,train,Manual Review,1,cards/train/Manual Review/CLM-01353_v1.png
CLM-00388,train,Valid Claim,0,cards/train/Valid Claim/CLM-00388_v0.png
CLM-00388,train,Valid Claim,1,cards/train/Valid Claim/CLM-00388_v1.png
CLM-01379,train,Manual Review,0,cards/train/Manual Review/CLM-01379_v0.png
CLM-01379,train,Manual Review,1,cards/train/Manual Review/CLM-01379_v1.png
CLM-00823,train,Invalid Claim,0,cards/train/Invalid Claim/CLM-00823_v0.png
CLM-00823,train,Invalid Claim,1,cards/train/Invalid Claim/CLM-00823_v1.png
CLM-00733,train,Invalid Claim,0,cards/train/Invalid Claim/CLM-00733_v0.png
CLM-00733,train,Invalid Claim,1,cards/train/Invalid Claim/CLM-00733_v1.png
CLM-00036,train,Valid Claim,0,cards/train/Valid Claim/CLM-00036_v0.png
CLM-00036,train,Valid Claim,1,cards/train/Valid Claim/CLM-00036_v1.png
CLM-00438,train,Valid Claim,0,cards/train/Valid Claim/CLM-00438_v0.png
CLM-00438,train,Valid Claim,1,cards/train/Valid Claim/CLM-00438_v1.png
CLM-00599,train,Invalid Claim,0,cards/train/Invalid Claim/CLM-00599_v0.png
CLM-00599,train,Invalid Claim,1,cards/train/Invalid Claim/CLM-00599_v1.png
CLM-00994,train,Invalid Claim,0,cards/train/Invalid Claim/CLM-00994_v0.png
CLM-00994,train,Invalid Claim,1,cards/train/Invalid Claim/CLM-00994_v1.png
CLM-00542,train,Invalid Claim,0,cards/train/Invalid Claim/CLM-00542_v0.png
CLM-00542,train,Invalid Claim,1,cards/train/Invalid Claim/CLM-00542_v1.png
CLM-00927,train,Invalid Claim,0,cards/train/Invalid Claim/CLM-00927_v0.png
CLM-00927,train,Invalid Claim,1,cards/train/Invalid Claim/CLM-00927_v1.png
CLM-01077,train,Manual Review,0,cards/train/Manual Review/CLM-01077_v0.png
CLM-01077,train,Manual Review,1,cards/train/Manual Review/CLM-01077_v1.png
CLM-01209,train,Manual Review,0,cards/train/Manual Review/CLM-01209_v0.png
CLM-01209,train,Manual Review,1,cards/train/Manual Review/CLM-01209_v1.png
CLM-00865,train,Invalid Claim,0,cards/train/Invalid Claim/CLM-00865_v0.png
CLM-00865,train,Invalid Claim,1,cards/train/Invalid Claim/CLM-00865_v1.png
CLM-01354,train,Manual Review,0,cards/train/Manual Review/CLM-01354_v0.png
CLM-01354,train,Manual Review,1,cards/train/Manual Review/CLM-01354_v1.png
CLM-01273,train,Manual Review,0,cards/train/Manual Review/CLM-01273_v0.png
CLM-01273,train,Manual Review,1,cards/train/Manual Review/CLM-01273_v1.png
CLM-00549,train,Invalid Claim,0,cards/train/Invalid Claim/CLM-00549_v0.png
CLM-00549,train,Invalid Claim,1,cards/train/Invalid Claim/CLM-00549_v1.png
CLM-01122,train,Manual Review,0,cards/train/Manual Review/CLM-01122_v0.png
CLM-01122,train,Manual Review,1,cards/train/Manual Review/CLM-01122_v1.png
CLM-00564,train,Invalid Claim,0,cards/train/Invalid Claim/CLM-00564_v0.png
CLM-00564,train,Invalid Claim,1,cards/train/Invalid Claim/CLM-00564_v1.png
CLM-01468,train,Manual Review,0,cards/train/Manual Review/CLM-01468_v0.png
CLM-01468,train,Manual Review,1,cards/train/Manual Review/CLM-01468_v1.png
CLM-00264,train,Valid Claim,0,cards/train/Valid Claim/CLM-00264_v0.png
CLM-00264,train,Valid Claim,1,cards/train/Valid Claim/CLM-00264_v1.png
CLM-00008,train,Valid Claim,0,cards/train/Valid Claim/CLM-00008_v0.png
CLM-00008,train,Valid Claim,1,cards/train/Valid Claim/CLM-00008_v1.png
CLM-00871,train,Invalid Claim,0,cards/train/Invalid Claim/CLM-00871_v0.png
CLM-00871,train,Invalid Claim,1,cards/train/Invalid Claim/CLM-00871_v1.png
CLM-00999,train,Invalid Claim,0,cards/train/Invalid Claim/CLM-00999_v0.png
CLM-00999,train,Invalid Claim,1,cards/train/Invalid Claim/CLM-00999_v1.png
CLM-00101,train,Valid Claim,0,cards/train/Valid Claim/CLM-00101_v0.png
CLM-00101,train,Valid Claim,1,cards/train/Valid Claim/CLM-00101_v1.png
CLM-00479,train,Valid Claim,0,cards/train/Valid Claim/CLM-00479_v0.png
CLM-00479,train,Valid Claim,1,cards/train/Valid Claim/CLM-00479_v1.png
CLM-00035,train,Manual Review,0,cards/train/Manual Review/CLM-00035_v0.png
CLM-00035,train,Manual Review,1,cards/train/Manual Review/CLM-00035_v1.png
CLM-00076,train,Valid Claim,0,cards/train/Valid Claim/CLM-00076_v0.png
CLM-00076,train,Valid Claim,1,cards/train/Valid Claim/CLM-00076_v1.png
CLM-00813,train,Invalid Claim,0,cards/train/Invalid Claim/CLM-00813_v0.png
CLM-00813,train,Invalid Claim,1,cards/train/Invalid Claim/CLM-00813_v1.png
CLM-00378,train,Valid Claim,0,cards/train/Valid Claim/CLM-00378_v0.png
CLM-00378,train,Valid Claim,1,cards/train/Valid Claim/CLM-00378_v1.png
CLM-00385,train,Valid Claim,0,cards/train/Valid Claim/CLM-00385_v0.png
CLM-00385,train,Valid Claim,1,cards/train/Valid Claim/CLM-00385_v1.png
CLM-01128,train,Manual Review,0,cards/train/Manual Review/CLM-01128_v0.png
CLM-01128,train,Manual Review,1,cards/train/Manual Review/CLM-01128_v1.png
CLM-00896,train,Invalid Claim,0,cards/train/Invalid Claim/CLM-00896_v0.png
CLM-00896,train,Invalid Claim,1,cards/train/Invalid Claim/CLM-00896_v1.png
CLM-00044,train,Valid Claim,0,cards/train/Valid Claim/CLM-00044_v0.png
CLM-00044,train,Valid Claim,1,cards/train/Valid Claim/CLM-00044_v1.png
CLM-01462,train,Manual Review,0,cards/train/Manual Review/CLM-01462_v0.png
CLM-01462,train,Manual Review,1,cards/train/Manual Review/CLM-01462_v1.png
CLM-01234,train,Manual Review,0,cards/train/Manual Review/CLM-01234_v0.png
CLM-01234,train,Manual Review,1,cards/train/Manual Review/CLM-01234_v1.png
CLM-00514,train,Invalid Claim,0,cards/train/Invalid Claim/CLM-00514_v0.png
CLM-00514,train,Invalid Claim,1,cards/train/Invalid Claim/CLM-00514_v1.png
CLM-01450,train,Manual Review,0,cards/train/Manual Review/CLM-01450_v0.png
CLM-01450,train,Manual Review,1,cards/train/Manual Review/CLM-01450_v1.png
CLM-00512,train,Invalid Claim,0,cards/train/Invalid Claim/CLM-00512_v0.png
CLM-00512,train,Invalid Claim,1,cards/train/Invalid Claim/CLM-00512_v1.png
CLM-01116,train,Manual Review,0,cards/train/Manual Review/CLM-01116_v0.png
CLM-01116,train,Manual Review,1,cards/train/Manual Review/CLM-01116_v1.png
CLM-00608,train,Invalid Claim,0,cards/train/Invalid Claim/CLM-00608_v0.png
CLM-00608,train,Invalid Claim,1,cards/train/Invalid Claim/CLM-00608_v1.png
CLM-00100,train,Valid Claim,0,cards/train/Valid Claim/CLM-00100_v0.png
CLM-00100,train,Valid Claim,1,cards/train/Valid Claim/CLM-00100_v1.png
CLM-00801,train,Invalid Claim,0,cards/train/Invalid Claim/CLM-00801_v0.png
CLM-00801,train,Invalid Claim,1,cards/train/Invalid Claim/CLM-00801_v1.png
CLM-01101,train,Manual Review,0,cards/train/Manual Review/CLM-01101_v0.png
CLM-01101,train,Manual Review,1,cards/train/Manual Review/CLM-01101_v1.png
CLM-01032,train,Manual Review,0,cards/train/Manual Review/CLM-01032_v0.png
CLM-01032,train,Manual Review,1,cards/train/Manual Review/CLM-01032_v1.png
CLM-00764,train,Invalid Claim,0,cards/train/Invalid Claim/CLM-00764_v0.png
CLM-00764,train,Invalid Claim,1,cards/train/Invalid Claim/CLM-00764_v1.png
CLM-01004,train,Manual Review,0,cards/train/Manual Review/CLM-01004_v0.png
CLM-01004,train,Manual Review,1,cards/train/Manual Review/CLM-01004_v1.png
CLM-00180,train,Valid Claim,0,cards/train/Valid Claim/CLM-00180_v0.png
CLM-00180,train,Valid Claim,1,cards/train/Valid Claim/CLM-00180_v1.png
CLM-00345,train,Valid Claim,0,cards/train/Valid Claim/CLM-00345_v0.png
CLM-00345,train,Valid Claim,1,cards/train/Valid Claim/CLM-00345_v1.png
CLM-01173,train,Manual Review,0,cards/train/Manual Review/CLM-01173_v0.png
CLM-01173,train,Manual Review,1,cards/train/Manual Review/CLM-01173_v1.png
CLM-00187,train,Manual Review,0,cards/train/Manual Review/CLM-00187_v0.png
CLM-00187,train,Manual Review,1,cards/train/Manual Review/CLM-00187_v1.png
CLM-00617,train,Valid Claim,0,cards/train/Valid Claim/CLM-00617_v0.png
CLM-00617,train,Valid Claim,1,cards/train/Valid Claim/CLM-00617_v1.png
CLM-00943,train,Invalid Claim,0,cards/train/Invalid Claim/CLM-00943_v0.png
CLM-00943,train,Invalid Claim,1,cards/train/Invalid Claim/CLM-00943_v1.png
CLM-00821,train,Invalid Claim,0,cards/train/Invalid Claim/CLM-00821_v0.png
CLM-00821,train,Invalid Claim,1,cards/train/Invalid Claim/CLM-00821_v1.png
CLM-01198,train,Manual Review,0,cards/train/Manual Review/CLM-01198_v0.png
CLM-01198,train,Manual Review,1,cards/train/Manual Review/CLM-01198_v1.png
CLM-00098,train,Valid Claim,0,cards/train/Valid Claim/CLM-00098_v0.png
CLM-00098,train,Valid Claim,1,cards/train/Valid Claim/CLM-00098_v1.png
CLM-00685,train,Invalid Claim,0,cards/train/Invalid Claim/CLM-00685_v0.png
CLM-00685,train,Invalid Claim,1,cards/train/Invalid Claim/CLM-00685_v1.png
CLM-00679,train,Invalid Claim,0,cards/train/Invalid Claim/CLM-00679_v0.png
CLM-00679,train,Invalid Claim,1,cards/train/Invalid Claim/CLM-00679_v1.png
CLM-00946,train,Invalid Claim,0,cards/train/Invalid Claim/CLM-00946_v0.png
CLM-00946,train,Invalid Claim,1,cards/train/Invalid Claim/CLM-00946_v1.png
CLM-00002,train,Valid Claim,0,cards/train/Valid Claim/CLM-00002_v0.png
CLM-00002,train,Valid Claim,1,cards/train/Valid Claim/CLM-00002_v1.png
CLM-00876,train,Invalid Claim,0,cards/train/Invalid Claim/CLM-00876_v0.png
CLM-00876,train,Invalid Claim,1,cards/train/Invalid Claim/CLM-00876_v1.png
CLM-01470,train,Manual Review,0,cards/train/Manual Review/CLM-01470_v0.png
CLM-01470,train,Manual Review,1,cards/train/Manual Review/CLM-01470_v1.png
CLM-01182,train,Manual Review,0,cards/train/Manual Review/CLM-01182_v0.png
CLM-01182,train,Manual Review,1,cards/train/Manual Review/CLM-01182_v1.png
CLM-01334,train,Manual Review,0,cards/train/Manual Review/CLM-01334_v0.png
CLM-01334,train,Manual Review,1,cards/train/Manual Review/CLM-01334_v1.png
CLM-01190,train,Manual Review,0,cards/train/Manual Review/CLM-01190_v0.png
CLM-01190,train,Manual Review,1,cards/train/Manual Review/CLM-01190_v1.png
CLM-00749,train,Invalid Claim,0,cards/train/Invalid Claim/CLM-00749_v0.png
CLM-00749,train,Invalid Claim,1,cards/train/Invalid Claim/CLM-00749_v1.png
CLM-00792,train,Invalid Claim,0,cards/train/Invalid Claim/CLM-00792_v0.png
CLM-00792,train,Invalid Claim,1,cards/train/Invalid Claim/CLM-00792_v1.png
CLM-01355,train,Manual Review,0,cards/train/Manual Review/CLM-01355_v0.png
CLM-01355,train,Manual Review,1,cards/train/Manual Review/CLM-01355_v1.png
CLM-01086,train,Manual Review,0,cards/train/Manual Review/CLM-01086_v0.png
CLM-01086,train,Manual Review,1,cards/train/Manual Review/CLM-01086_v1.png
CLM-00184,train,Valid Claim,0,cards/train/Valid Claim/CLM-00184_v0.png
CLM-00184,train,Valid Claim,1,cards/train/Valid Claim/CLM-00184_v1.png
CLM-01404,train,Manual Review,0,cards/train/Manual Review/CLM-01404_v0.png
CLM-01404,train,Manual Review,1,cards/train/Manual Review/CLM-01404_v1.png
CLM-00289,train,Valid Claim,0,cards/train/Valid Claim/CLM-00289_v0.png
CLM-00289,train,Valid Claim,1,cards/train/Valid Claim/CLM-00289_v1.png
CLM-00078,train,Valid Claim,0,cards/train/Valid Claim/CLM-00078_v0.png
CLM-00078,train,Valid Claim,1,cards/train/Valid Claim/CLM-00078_v1.png
CLM-00302,train,Valid Claim,0,cards/train/Valid Claim/CLM-00302_v0.png
CLM-00302,train,Valid Claim,1,cards/train/Valid Claim/CLM-00302_v1.png
CLM-01211,train,Manual Review,0,cards/train/Manual Review/CLM-01211_v0.png
CLM-01211,train,Manual Review,1,cards/train/Manual Review/CLM-01211_v1.png
CLM-00799,train,Invalid Claim,0,cards/train/Invalid Claim/CLM-00799_v0.png
CLM-00799,train,Invalid Claim,1,cards/train/Invalid Claim/CLM-00799_v1.png
CLM-01276,train,Manual Review,0,cards/train/Manual Review/CLM-01276_v0.png
CLM-01276,train,Manual Review,1,cards/train/Manual Review/CLM-01276_v1.png
CLM-00320,train,Manual Review,0,cards/train/Manual Review/CLM-00320_v0.png
CLM-00320,train,Manual Review,1,cards/train/Manual Review/CLM-00320_v1.png
CLM-00174,train,Valid Claim,0,cards/train/Valid Claim/CLM-00174_v0.png
CLM-00174,train,Valid Claim,1,cards/train/Valid Claim/CLM-00174_v1.png
CLM-00705,train,Invalid Claim,0,cards/train/Invalid Claim/CLM-00705_v0.png
CLM-00705,train,Invalid Claim,1,cards/train/Invalid Claim/CLM-00705_v1.png
CLM-00713,train,Invalid Claim,0,cards/train/Invalid Claim/CLM-00713_v0.png
CLM-00713,train,Invalid Claim,1,cards/train/Invalid Claim/CLM-00713_v1.png
CLM-00624,train,Invalid Claim,0,cards/train/Invalid Claim/CLM-00624_v0.png
CLM-00624,train,Invalid Claim,1,cards/train/Invalid Claim/CLM-00624_v1.png
CLM-00531,train,Invalid Claim,0,cards/train/Invalid Claim/CLM-00531_v0.png
CLM-00531,train,Invalid Claim,1,cards/train/Invalid Claim/CLM-00531_v1.png
CLM-00830,train,Invalid Claim,0,cards/train/Invalid Claim/CLM-00830_v0.png
CLM-00830,train,Invalid Claim,1,cards/train/Invalid Claim/CLM-00830_v1.png
CLM-00970,train,Invalid Claim,0,cards/train/Invalid Claim/CLM-00970_v0.png
CLM-00970,train,Invalid Claim,1,cards/train/Invalid Claim/CLM-00970_v1.png
CLM-00969,train,Invalid Claim,0,cards/train/Invalid Claim/CLM-00969_v0.png
CLM-00969,train,Invalid Claim,1,cards/train/Invalid Claim/CLM-00969_v1.png
CLM-00051,train,Valid Claim,0,cards/train/Valid Claim/CLM-00051_v0.png
CLM-00051,train,Valid Claim,1,cards/train/Valid Claim/CLM-00051_v1.png
CLM-00728,train,Invalid Claim,0,cards/train/Invalid Claim/CLM-00728_v0.png
CLM-00728,train,Invalid Claim,1,cards/train/Invalid Claim/CLM-00728_v1.png
CLM-01401,train,Manual Review,0,cards/train/Manual Review/CLM-01401_v0.png
CLM-01401,train,Manual Review,1,cards/train/Manual Review/CLM-01401_v1.png
CLM-00766,train,Invalid Claim,0,cards/train/Invalid Claim/CLM-00766_v0.png
CLM-00766,train,Invalid Claim,1,cards/train/Invalid Claim/CLM-00766_v1.png
CLM-01240,train,Manual Review,0,cards/train/Manual Review/CLM-01240_v0.png
CLM-01240,train,Manual Review,1,cards/train/Manual Review/CLM-01240_v1.png
CLM-01058,train,Manual Review,0,cards/train/Manual Review/CLM-01058_v0.png
CLM-01058,train,Manual Review,1,cards/train/Manual Review/CLM-01058_v1.png
CLM-00014,train,Valid Claim,0,cards/train/Valid Claim/CLM-00014_v0.png
CLM-00014,train,Valid Claim,1,cards/train/Valid Claim/CLM-00014_v1.png
CLM-00621,train,Invalid Claim,0,cards/train/Invalid Claim/CLM-00621_v0.png
CLM-00621,train,Invalid Claim,1,cards/train/Invalid Claim/CLM-00621_v1.png
CLM-00938,train,Invalid Claim,0,cards/train/Invalid Claim/CLM-00938_v0.png
CLM-00938,train,Invalid Claim,1,cards/train/Invalid Claim/CLM-00938_v1.png
CLM-00234,train,Valid Claim,0,cards/train/Valid Claim/CLM-00234_v0.png
CLM-00234,train,Valid Claim,1,cards/train/Valid Claim/CLM-00234_v1.png
CLM-01113,train,Manual Review,0,cards/train/Manual Review/CLM-01113_v0.png
CLM-01113,train,Manual Review,1,cards/train/Manual Review/CLM-01113_v1.png
CLM-01473,train,Manual Review,0,cards/train/Manual Review/CLM-01473_v0.png
CLM-01473,train,Manual Review,1,cards/train/Manual Review/CLM-01473_v1.png
CLM-00074,train,Valid Claim,0,cards/train/Valid Claim/CLM-00074_v0.png
CLM-00074,train,Valid Claim,1,cards/train/Valid Claim/CLM-00074_v1.png
CLM-01415,train,Manual Review,0,cards/train/Manual Review/CLM-01415_v0.png
CLM-01415,train,Manual Review,1,cards/train/Manual Review/CLM-01415_v1.png
CLM-01315,train,Manual Review,0,cards/train/Manual Review/CLM-01315_v0.png
CLM-01315,train,Manual Review,1,cards/train/Manual Review/CLM-01315_v1.png
CLM-00870,train,Invalid Claim,0,cards/train/Invalid Claim/CLM-00870_v0.png
CLM-00870,train,Invalid Claim,1,cards/train/Invalid Claim/CLM-00870_v1.png
CLM-01027,train,Manual Review,0,cards/train/Manual Review/CLM-01027_v0.png
CLM-01027,train,Manual Review,1,cards/train/Manual Review/CLM-01027_v1.png
CLM-00059,train,Valid Claim,0,cards/train/Valid Claim/CLM-00059_v0.png
CLM-00059,train,Valid Claim,1,cards/train/Valid Claim/CLM-00059_v1.png
CLM-00825,train,Invalid Claim,0,cards/train/Invalid Claim/CLM-00825_v0.png
CLM-00825,train,Invalid Claim,1,cards/train/Invalid Claim/CLM-00825_v1.png
CLM-00676,train,Invalid Claim,0,cards/train/Invalid Claim/CLM-00676_v0.png
CLM-00676,train,Invalid Claim,1,cards/train/Invalid Claim/CLM-00676_v1.png
CLM-00730,train,Invalid Claim,0,cards/train/Invalid Claim/CLM-00730_v0.png
CLM-00730,train,Invalid Claim,1,cards/train/Invalid Claim/CLM-00730_v1.png
CLM-01451,train,Manual Review,0,cards/train/Manual Review/CLM-01451_v0.png
CLM-01451,train,Manual Review,1,cards/train/Manual Review/CLM-01451_v1.png
CLM-00072,train,Valid Claim,0,cards/train/Valid Claim/CLM-00072_v0.png
CLM-00072,train,Valid Claim,1,cards/train/Valid Claim/CLM-00072_v1.png
CLM-00053,train,Valid Claim,0,cards/train/Valid Claim/CLM-00053_v0.png
CLM-00053,train,Valid Claim,1,cards/train/Valid Claim/CLM-00053_v1.png
CLM-00171,train,Valid Claim,0,cards/train/Valid Claim/CLM-00171_v0.png
CLM-00171,train,Valid Claim,1,cards/train/Valid Claim/CLM-00171_v1.png
CLM-01133,train,Manual Review,0,cards/train/Manual Review/CLM-01133_v0.png
CLM-01133,train,Manual Review,1,cards/train/Manual Review/CLM-01133_v1.png
CLM-00200,train,Valid Claim,0,cards/train/Valid Claim/CLM-00200_v0.png
CLM-00200,train,Valid Claim,1,cards/train/Valid Claim/CLM-00200_v1.png
CLM-00703,train,Invalid Claim,0,cards/train/Invalid Claim/CLM-00703_v0.png
CLM-00703,train,Invalid Claim,1,cards/train/Invalid Claim/CLM-00703_v1.png
CLM-00339,train,Valid Claim,0,cards/train/Valid Claim/CLM-00339_v0.png
CLM-00339,train,Valid Claim,1,cards/train/Valid Claim/CLM-00339_v1.png
CLM-01046,train,Manual Review,0,cards/train/Manual Review/CLM-01046_v0.png
CLM-01046,train,Manual Review,1,cards/train/Manual Review/CLM-01046_v1.png
CLM-00540,train,Invalid Claim,0,cards/train/Invalid Claim/CLM-00540_v0.png
CLM-00540,train,Invalid Claim,1,cards/train/Invalid Claim/CLM-00540_v1.png
CLM-00400,train,Valid Claim,0,cards/train/Valid Claim/CLM-00400_v0.png
CLM-00400,train,Valid Claim,1,cards/train/Valid Claim/CLM-00400_v1.png
CLM-00050,train,Valid Claim,0,cards/train/Valid Claim/CLM-00050_v0.png
CLM-00050,train,Valid Claim,1,cards/train/Valid Claim/CLM-00050_v1.png
CLM-01399,train,Manual Review,0,cards/train/Manual Review/CLM-01399_v0.png
CLM-01399,train,Manual Review,1,cards/train/Manual Review/CLM-01399_v1.png
CLM-00305,train,Valid Claim,0,cards/train/Valid Claim/CLM-00305_v0.png
CLM-00305,train,Valid Claim,1,cards/train/Valid Claim/CLM-00305_v1.png
CLM-01493,train,Manual Review,0,cards/train/Manual Review/CLM-01493_v0.png
CLM-01493,train,Manual Review,1,cards/train/Manual Review/CLM-01493_v1.png
CLM-00955,train,Invalid Claim,0,cards/train/Invalid Claim/CLM-00955_v0.png
CLM-00955,train,Invalid Claim,1,cards/train/Invalid Claim/CLM-00955_v1.png
CLM-01175,train,Manual Review,0,cards/train/Manual Review/CLM-01175_v0.png
CLM-01175,train,Manual Review,1,cards/train/Manual Review/CLM-01175_v1.png
CLM-00106,train,Valid Claim,0,cards/train/Valid Claim/CLM-00106_v0.png
CLM-00106,train,Valid Claim,1,cards/train/Valid Claim/CLM-00106_v1.png
CLM-00678,train,Invalid Claim,0,cards/train/Invalid Claim/CLM-00678_v0.png
CLM-00678,train,Invalid Claim,1,cards/train/Invalid Claim/CLM-00678_v1.png
CLM-01013,train,Manual Review,0,cards/train/Manual Review/CLM-01013_v0.png
CLM-01013,train,Manual Review,1,cards/train/Manual Review/CLM-01013_v1.png
CLM-01084,train,Manual Review,0,cards/train/Manual Review/CLM-01084_v0.png
CLM-01084,train,Manual Review,1,cards/train/Manual Review/CLM-01084_v1.png
CLM-00419,train,Valid Claim,0,cards/train/Valid Claim/CLM-00419_v0.png
CLM-00419,train,Valid Claim,1,cards/train/Valid Claim/CLM-00419_v1.png
CLM-00754,train,Invalid Claim,0,cards/train/Invalid Claim/CLM-00754_v0.png
CLM-00754,train,Invalid Claim,1,cards/train/Invalid Claim/CLM-00754_v1.png
CLM-01289,train,Manual Review,0,cards/train/Manual Review/CLM-01289_v0.png
CLM-01289,train,Manual Review,1,cards/train/Manual Review/CLM-01289_v1.png
CLM-01352,train,Manual Review,0,cards/train/Manual Review/CLM-01352_v0.png
CLM-01352,train,Manual Review,1,cards/train/Manual Review/CLM-01352_v1.png
CLM-00689,train,Invalid Claim,0,cards/train/Invalid Claim/CLM-00689_v0.png
CLM-00689,train,Invalid Claim,1,cards/train/Invalid Claim/CLM-00689_v1.png
CLM-00159,train,Valid Claim,0,cards/train/Valid Claim/CLM-00159_v0.png
CLM-00159,train,Valid Claim,1,cards/train/Valid Claim/CLM-00159_v1.png
CLM-00590,train,Invalid Claim,0,cards/train/Invalid Claim/CLM-00590_v0.png
CLM-00590,train,Invalid Claim,1,cards/train/Invalid Claim/CLM-00590_v1.png
CLM-00260,train,Valid Claim,0,cards/train/Valid Claim/CLM-00260_v0.png
CLM-00260,train,Valid Claim,1,cards/train/Valid Claim/CLM-00260_v1.png
CLM-00238,train,Valid Claim,0,cards/train/Valid Claim/CLM-00238_v0.png
CLM-00238,train,Valid Claim,1,cards/train/Valid Claim/CLM-00238_v1.png
CLM-01357,train,Manual Review,0,cards/train/Manual Review/CLM-01357_v0.png
CLM-01357,train,Manual Review,1,cards/train/Manual Review/CLM-01357_v1.png
CLM-00267,train,Valid Claim,0,cards/train/Valid Claim/CLM-00267_v0.png
CLM-00267,train,Valid Claim,1,cards/train/Valid Claim/CLM-00267_v1.png
CLM-01043,train,Manual Review,0,cards/train/Manual Review/CLM-01043_v0.png
CLM-01043,train,Manual Review,1,cards/train/Manual Review/CLM-01043_v1.png
CLM-01312,train,Manual Review,0,cards/train/Manual Review/CLM-01312_v0.png
CLM-01312,train,Manual Review,1,cards/train/Manual Review/CLM-01312_v1.png
CLM-01224,train,Manual Review,0,cards/train/Manual Review/CLM-01224_v0.png
CLM-01224,train,Manual Review,1,cards/train/Manual Review/CLM-01224_v1.png
CLM-01313,train,Manual Review,0,cards/train/Manual Review/CLM-01313_v0.png
CLM-01313,train,Manual Review,1,cards/train/Manual Review/CLM-01313_v1.png
CLM-01219,train,Manual Review,0,cards/train/Manual Review/CLM-01219_v0.png
CLM-01219,train,Manual Review,1,cards/train/Manual Review/CLM-01219_v1.png
CLM-00820,train,Invalid Claim,0,cards/train/Invalid Claim/CLM-00820_v0.png
CLM-00820,train,Invalid Claim,1,cards/train/Invalid Claim/CLM-00820_v1.png
CLM-00594,train,Invalid Claim,0,cards/train/Invalid Claim/CLM-00594_v0.png
CLM-00594,train,Invalid Claim,1,cards/train/Invalid Claim/CLM-00594_v1.png
CLM-01340,train,Manual Review,0,cards/train/Manual Review/CLM-01340_v0.png
CLM-01340,train,Manual Review,1,cards/train/Manual Review/CLM-01340_v1.png
CLM-00402,train,Valid Claim,0,cards/train/Valid Claim/CLM-00402_v0.png
CLM-00402,train,Valid Claim,1,cards/train/Valid Claim/CLM-00402_v1.png
CLM-01297,train,Manual Review,0,cards/train/Manual Review/CLM-01297_v0.png
CLM-01297,train,Manual Review,1,cards/train/Manual Review/CLM-01297_v1.png
CLM-00293,train,Valid Claim,0,cards/train/Valid Claim/CLM-00293_v0.png
CLM-00293,train,Valid Claim,1,cards/train/Valid Claim/CLM-00293_v1.png
CLM-01152,train,Manual Review,0,cards/train/Manual Review/CLM-01152_v0.png
CLM-01152,train,Manual Review,1,cards/train/Manual Review/CLM-01152_v1.png
CLM-00228,train,Valid Claim,0,cards/train/Valid Claim/CLM-00228_v0.png
CLM-00228,train,Valid Claim,1,cards/train/Valid Claim/CLM-00228_v1.png
CLM-01245,train,Manual Review,0,cards/train/Manual Review/CLM-01245_v0.png
CLM-01245,train,Manual Review,1,cards/train/Manual Review/CLM-01245_v1.png
CLM-00701,train,Invalid Claim,0,cards/train/Invalid Claim/CLM-00701_v0.png
CLM-00701,train,Invalid Claim,1,cards/train/Invalid Claim/CLM-00701_v1.png
CLM-00727,train,Invalid Claim,0,cards/train/Invalid Claim/CLM-00727_v0.png
CLM-00727,train,Invalid Claim,1,cards/train/Invalid Claim/CLM-00727_v1.png
CLM-01089,train,Manual Review,0,cards/train/Manual Review/CLM-01089_v0.png
CLM-01089,train,Manual Review,1,cards/train/Manual Review/CLM-01089_v1.png
CLM-00374,train,Valid Claim,0,cards/train/Valid Claim/CLM-00374_v0.png
CLM-00374,train,Valid Claim,1,cards/train/Valid Claim/CLM-00374_v1.png
CLM-01223,train,Manual Review,0,cards/train/Manual Review/CLM-01223_v0.png
CLM-01223,train,Manual Review,1,cards/train/Manual Review/CLM-01223_v1.png
CLM-00752,train,Invalid Claim,0,cards/train/Invalid Claim/CLM-00752_v0.png
CLM-00752,train,Invalid Claim,1,cards/train/Invalid Claim/CLM-00752_v1.png
CLM-00586,train,Invalid Claim,0,cards/train/Invalid Claim/CLM-00586_v0.png
CLM-00586,train,Invalid Claim,1,cards/train/Invalid Claim/CLM-00586_v1.png
CLM-01311,train,Manual Review,0,cards/train/Manual Review/CLM-01311_v0.png
CLM-01311,train,Manual Review,1,cards/train/Manual Review/CLM-01311_v1.png
CLM-00636,train,Invalid Claim,0,cards/train/Invalid Claim/CLM-00636_v0.png
CLM-00636,train,Invalid Claim,1,cards/train/Invalid Claim/CLM-00636_v1.png
CLM-00082,train,Valid Claim,0,cards/train/Valid Claim/CLM-00082_v0.png
CLM-00082,train,Valid Claim,1,cards/train/Valid Claim/CLM-00082_v1.png
CLM-01374,train,Manual Review,0,cards/train/Manual Review/CLM-01374_v0.png
CLM-01374,train,Manual Review,1,cards/train/Manual Review/CLM-01374_v1.png
CLM-01458,train,Manual Review,0,cards/train/Manual Review/CLM-01458_v0.png
CLM-01458,train,Manual Review,1,cards/train/Manual Review/CLM-01458_v1.png
CLM-01329,train,Manual Review,0,cards/train/Manual Review/CLM-01329_v0.png
CLM-01329,train,Manual Review,1,cards/train/Manual Review/CLM-01329_v1.png
CLM-00263,train,Invalid Claim,0,cards/train/Invalid Claim/CLM-00263_v0.png
CLM-00263,train,Invalid Claim,1,cards/train/Invalid Claim/CLM-00263_v1.png
CLM-00649,train,Invalid Claim,0,cards/train/Invalid Claim/CLM-00649_v0.png
CLM-00649,train,Invalid Claim,1,cards/train/Invalid Claim/CLM-00649_v1.png
CLM-00743,train,Invalid Claim,0,cards/train/Invalid Claim/CLM-00743_v0.png
CLM-00743,train,Invalid Claim,1,cards/train/Invalid Claim/CLM-00743_v1.png
CLM-00612,train,Invalid Claim,0,cards/train/Invalid Claim/CLM-00612_v0.png
CLM-00612,train,Invalid Claim,1,cards/train/Invalid Claim/CLM-00612_v1.png
CLM-00653,train,Invalid Claim,0,cards/train/Invalid Claim/CLM-00653_v0.png
CLM-00653,train,Invalid Claim,1,cards/train/Invalid Claim/CLM-00653_v1.png
CLM-01477,train,Manual Review,0,cards/train/Manual Review/CLM-01477_v0.png
CLM-01477,train,Manual Review,1,cards/train/Manual Review/CLM-01477_v1.png
CLM-00243,train,Manual Review,0,cards/train/Manual Review/CLM-00243_v0.png
CLM-00243,train,Manual Review,1,cards/train/Manual Review/CLM-00243_v1.png
CLM-00189,train,Manual Review,0,cards/train/Manual Review/CLM-00189_v0.png
CLM-00189,train,Manual Review,1,cards/train/Manual Review/CLM-00189_v1.png
CLM-00154,train,Valid Claim,0,cards/train/Valid Claim/CLM-00154_v0.png
CLM-00154,train,Valid Claim,1,cards/train/Valid Claim/CLM-00154_v1.png
CLM-01191,train,Manual Review,0,cards/train/Manual Review/CLM-01191_v0.png
CLM-01191,train,Manual Review,1,cards/train/Manual Review/CLM-01191_v1.png
CLM-01283,train,Manual Review,0,cards/train/Manual Review/CLM-01283_v0.png
CLM-01283,train,Manual Review,1,cards/train/Manual Review/CLM-01283_v1.png
CLM-01180,train,Manual Review,0,cards/train/Manual Review/CLM-01180_v0.png
CLM-01180,train,Manual Review,1,cards/train/Manual Review/CLM-01180_v1.png
CLM-00975,train,Invalid Claim,0,cards/train/Invalid Claim/CLM-00975_v0.png
CLM-00975,train,Invalid Claim,1,cards/train/Invalid Claim/CLM-00975_v1.png
CLM-01059,train,Manual Review,0,cards/train/Manual Review/CLM-01059_v0.png
CLM-01059,train,Manual Review,1,cards/train/Manual Review/CLM-01059_v1.png
CLM-00515,train,Invalid Claim,0,cards/train/Invalid Claim/CLM-00515_v0.png
CLM-00515,train,Invalid Claim,1,cards/train/Invalid Claim/CLM-00515_v1.png
CLM-00756,train,Invalid Claim,0,cards/train/Invalid Claim/CLM-00756_v0.png
CLM-00756,train,Invalid Claim,1,cards/train/Invalid Claim/CLM-00756_v1.png
CLM-00921,train,Invalid Claim,0,cards/train/Invalid Claim/CLM-00921_v0.png
CLM-00921,train,Invalid Claim,1,cards/train/Invalid Claim/CLM-00921_v1.png
CLM-01115,train,Manual Review,0,cards/train/Manual Review/CLM-01115_v0.png
CLM-01115,train,Manual Review,1,cards/train/Manual Review/CLM-01115_v1.png
CLM-00490,train,Valid Claim,0,cards/train/Valid Claim/CLM-00490_v0.png
CLM-00490,train,Valid Claim,1,cards/train/Valid Claim/CLM-00490_v1.png
CLM-00982,train,Invalid Claim,0,cards/train/Invalid Claim/CLM-00982_v0.png
CLM-00982,train,Invalid Claim,1,cards/train/Invalid Claim/CLM-00982_v1.png
CLM-01232,train,Manual Review,0,cards/train/Manual Review/CLM-01232_v0.png
CLM-01232,train,Manual Review,1,cards/train/Manual Review/CLM-01232_v1.png
CLM-00735,train,Invalid Claim,0,cards/train/Invalid Claim/CLM-00735_v0.png
CLM-00735,train,Invalid Claim,1,cards/train/Invalid Claim/CLM-00735_v1.png
CLM-00467,train,Valid Claim,0,cards/train/Valid Claim/CLM-00467_v0.png
CLM-00467,train,Valid Claim,1,cards/train/Valid Claim/CLM-00467_v1.png
CLM-00831,train,Invalid Claim,0,cards/train/Invalid Claim/CLM-00831_v0.png
CLM-00831,train,Invalid Claim,1,cards/train/Invalid Claim/CLM-00831_v1.png
CLM-00256,train,Valid Claim,0,cards/train/Valid Claim/CLM-00256_v0.png
CLM-00256,train,Valid Claim,1,cards/train/Valid Claim/CLM-00256_v1.png
CLM-00012,train,Valid Claim,0,cards/train/Valid Claim/CLM-00012_v0.png
CLM-00012,train,Valid Claim,1,cards/train/Valid Claim/CLM-00012_v1.png
CLM-00556,train,Invalid Claim,0,cards/train/Invalid Claim/CLM-00556_v0.png
CLM-00556,train,Invalid Claim,1,cards/train/Invalid Claim/CLM-00556_v1.png
CLM-01018,train,Manual Review,0,cards/train/Manual Review/CLM-01018_v0.png
CLM-01018,train,Manual Review,1,cards/train/Manual Review/CLM-01018_v1.png
CLM-00908,train,Invalid Claim,0,cards/train/Invalid Claim/CLM-00908_v0.png
CLM-00908,train,Invalid Claim,1,cards/train/Invalid Claim/CLM-00908_v1.png
CLM-00867,train,Invalid Claim,0,cards/train/Invalid Claim/CLM-00867_v0.png
CLM-00867,train,Invalid Claim,1,cards/train/Invalid Claim/CLM-00867_v1.png
CLM-00816,train,Invalid Claim,0,cards/train/Invalid Claim/CLM-00816_v0.png
CLM-00816,train,Invalid Claim,1,cards/train/Invalid Claim/CLM-00816_v1.png
CLM-00389,train,Valid Claim,0,cards/train/Valid Claim/CLM-00389_v0.png
CLM-00389,train,Valid Claim,1,cards/train/Valid Claim/CLM-00389_v1.png
CLM-01331,train,Manual Review,0,cards/train/Manual Review/CLM-01331_v0.png
CLM-01331,train,Manual Review,1,cards/train/Manual Review/CLM-01331_v1.png
CLM-00521,train,Invalid Claim,0,cards/train/Invalid Claim/CLM-00521_v0.png
CLM-00521,train,Invalid Claim,1,cards/train/Invalid Claim/CLM-00521_v1.png
CLM-00692,train,Invalid Claim,0,cards/train/Invalid Claim/CLM-00692_v0.png
CLM-00692,train,Invalid Claim,1,cards/train/Invalid Claim/CLM-00692_v1.png
CLM-01243,train,Manual Review,0,cards/train/Manual Review/CLM-01243_v0.png
CLM-01243,train,Manual Review,1,cards/train/Manual Review/CLM-01243_v1.png
CLM-00667,train,Invalid Claim,0,cards/train/Invalid Claim/CLM-00667_v0.png
CLM-00667,train,Invalid Claim,1,cards/train/Invalid Claim/CLM-00667_v1.png
CLM-01484,train,Manual Review,0,cards/train/Manual Review/CLM-01484_v0.png
CLM-01484,train,Manual Review,1,cards/train/Manual Review/CLM-01484_v1.png
CLM-00375,train,Valid Claim,0,cards/train/Valid Claim/CLM-00375_v0.png
CLM-00375,train,Valid Claim,1,cards/train/Valid Claim/CLM-00375_v1.png
CLM-00222,train,Valid Claim,0,cards/train/Valid Claim/CLM-00222_v0.png
CLM-00222,train,Valid Claim,1,cards/train/Valid Claim/CLM-00222_v1.png
CLM-00332,train,Valid Claim,0,cards/train/Valid Claim/CLM-00332_v0.png
CLM-00332,train,Valid Claim,1,cards/train/Valid Claim/CLM-00332_v1.png
CLM-00067,train,Valid Claim,0,cards/train/Valid Claim/CLM-00067_v0.png
CLM-00067,train,Valid Claim,1,cards/train/Valid Claim/CLM-00067_v1.png
CLM-00524,train,Invalid Claim,0,cards/train/Invalid Claim/CLM-00524_v0.png
CLM-00524,train,Invalid Claim,1,cards/train/Invalid Claim/CLM-00524_v1.png
CLM-00737,train,Invalid Claim,0,cards/train/Invalid Claim/CLM-00737_v0.png
CLM-00737,train,Invalid Claim,1,cards/train/Invalid Claim/CLM-00737_v1.png
CLM-00158,train,Valid Claim,0,cards/train/Valid Claim/CLM-00158_v0.png
CLM-00158,train,Valid Claim,1,cards/train/Valid Claim/CLM-00158_v1.png
CLM-00353,train,Valid Claim,0,cards/train/Valid Claim/CLM-00353_v0.png
CLM-00353,train,Valid Claim,1,cards/train/Valid Claim/CLM-00353_v1.png
CLM-00290,train,Valid Claim,0,cards/train/Valid Claim/CLM-00290_v0.png
CLM-00290,train,Valid Claim,1,cards/train/Valid Claim/CLM-00290_v1.png
CLM-01443,train,Manual Review,0,cards/train/Manual Review/CLM-01443_v0.png
CLM-01443,train,Manual Review,1,cards/train/Manual Review/CLM-01443_v1.png
CLM-00875,train,Invalid Claim,0,cards/train/Invalid Claim/CLM-00875_v0.png
CLM-00875,train,Invalid Claim,1,cards/train/Invalid Claim/CLM-00875_v1.png
CLM-00437,train,Valid Claim,0,cards/train/Valid Claim/CLM-00437_v0.png
CLM-00437,train,Valid Claim,1,cards/train/Valid Claim/CLM-00437_v1.png
CLM-01108,train,Manual Review,0,cards/train/Manual Review/CLM-01108_v0.png
CLM-01108,train,Manual Review,1,cards/train/Manual Review/CLM-01108_v1.png
CLM-01248,train,Manual Review,0,cards/train/Manual Review/CLM-01248_v0.png
CLM-01248,train,Manual Review,1,cards/train/Manual Review/CLM-01248_v1.png
CLM-00650,train,Valid Claim,0,cards/train/Valid Claim/CLM-00650_v0.png
CLM-00650,train,Valid Claim,1,cards/train/Valid Claim/CLM-00650_v1.png
CLM-00367,train,Valid Claim,0,cards/train/Valid Claim/CLM-00367_v0.png
CLM-00367,train,Valid Claim,1,cards/train/Valid Claim/CLM-00367_v1.png
CLM-00230,train,Valid Claim,0,cards/train/Valid Claim/CLM-00230_v0.png
CLM-00230,train,Valid Claim,1,cards/train/Valid Claim/CLM-00230_v1.png
CLM-00536,train,Invalid Claim,0,cards/train/Invalid Claim/CLM-00536_v0.png
CLM-00536,train,Invalid Claim,1,cards/train/Invalid Claim/CLM-00536_v1.png
CLM-00250,train,Valid Claim,0,cards/train/Valid Claim/CLM-00250_v0.png
CLM-00250,train,Valid Claim,1,cards/train/Valid Claim/CLM-00250_v1.png
CLM-01446,train,Manual Review,0,cards/train/Manual Review/CLM-01446_v0.png
CLM-01446,train,Manual Review,1,cards/train/Manual Review/CLM-01446_v1.png
CLM-00910,train,Invalid Claim,0,cards/train/Invalid Claim/CLM-00910_v0.png
CLM-00910,train,Invalid Claim,1,cards/train/Invalid Claim/CLM-00910_v1.png
CLM-01344,train,Manual Review,0,cards/train/Manual Review/CLM-01344_v0.png
CLM-01344,train,Manual Review,1,cards/train/Manual Review/CLM-01344_v1.png
CLM-01006,train,Manual Review,0,cards/train/Manual Review/CLM-01006_v0.png
CLM-01006,train,Manual Review,1,cards/train/Manual Review/CLM-01006_v1.png
CLM-00006,train,Valid Claim,0,cards/train/Valid Claim/CLM-00006_v0.png
CLM-00006,train,Valid Claim,1,cards/train/Valid Claim/CLM-00006_v1.png
CLM-00326,train,Valid Claim,0,cards/train/Valid Claim/CLM-00326_v0.png
CLM-00326,train,Valid Claim,1,cards/train/Valid Claim/CLM-00326_v1.png
CLM-00760,train,Invalid Claim,0,cards/train/Invalid Claim/CLM-00760_v0.png
CLM-00760,train,Invalid Claim,1,cards/train/Invalid Claim/CLM-00760_v1.png
CLM-00626,train,Invalid Claim,0,cards/train/Invalid Claim/CLM-00626_v0.png
CLM-00626,train,Invalid Claim,1,cards/train/Invalid Claim/CLM-00626_v1.png
CLM-01188,train,Manual Review,0,cards/train/Manual Review/CLM-01188_v0.png
CLM-01188,train,Manual Review,1,cards/train/Manual Review/CLM-01188_v1.png
CLM-00277,train,Valid Claim,0,cards/train/Valid Claim/CLM-00277_v0.png
CLM-00277,train,Valid Claim,1,cards/train/Valid Claim/CLM-00277_v1.png
CLM-00083,train,Valid Claim,0,cards/train/Valid Claim/CLM-00083_v0.png
CLM-00083,train,Valid Claim,1,cards/train/Valid Claim/CLM-00083_v1.png
CLM-00941,train,Invalid Claim,0,cards/train/Invalid Claim/CLM-00941_v0.png
CLM-00941,train,Invalid Claim,1,cards/train/Invalid Claim/CLM-00941_v1.png
CLM-00115,train,Valid Claim,0,cards/train/Valid Claim/CLM-00115_v0.png
CLM-00115,train,Valid Claim,1,cards/train/Valid Claim/CLM-00115_v1.png
CLM-00472,train,Valid Claim,0,cards/train/Valid Claim/CLM-00472_v0.png
CLM-00472,train,Valid Claim,1,cards/train/Valid Claim/CLM-00472_v1.png
CLM-00252,train,Valid Claim,0,cards/train/Valid Claim/CLM-00252_v0.png
CLM-00252,train,Valid Claim,1,cards/train/Valid Claim/CLM-00252_v1.png
CLM-00828,train,Invalid Claim,0,cards/train/Invalid Claim/CLM-00828_v0.png
CLM-00828,train,Invalid Claim,1,cards/train/Invalid Claim/CLM-00828_v1.png
CLM-00333,train,Valid Claim,0,cards/train/Valid Claim/CLM-00333_v0.png
CLM-00333,train,Valid Claim,1,cards/train/Valid Claim/CLM-00333_v1.png
CLM-00194,train,Valid Claim,0,cards/train/Valid Claim/CLM-00194_v0.png
CLM-00194,train,Valid Claim,1,cards/train/Valid Claim/CLM-00194_v1.png
CLM-00359,train,Valid Claim,0,cards/train/Valid Claim/CLM-00359_v0.png
CLM-00359,train,Valid Claim,1,cards/train/Valid Claim/CLM-00359_v1.png
CLM-00404,train,Valid Claim,0,cards/train/Valid Claim/CLM-00404_v0.png
CLM-00404,train,Valid Claim,1,cards/train/Valid Claim/CLM-00404_v1.png
CLM-00142,train,Valid Claim,0,cards/train/Valid Claim/CLM-00142_v0.png
CLM-00142,train,Valid Claim,1,cards/train/Valid Claim/CLM-00142_v1.png
CLM-00382,train,Valid Claim,0,cards/train/Valid Claim/CLM-00382_v0.png
CLM-00382,train,Valid Claim,1,cards/train/Valid Claim/CLM-00382_v1.png
CLM-01425,train,Manual Review,0,cards/train/Manual Review/CLM-01425_v0.png
CLM-01425,train,Manual Review,1,cards/train/Manual Review/CLM-01425_v1.png
CLM-00508,train,Invalid Claim,0,cards/train/Invalid Claim/CLM-00508_v0.png
CLM-00508,train,Invalid Claim,1,cards/train/Invalid Claim/CLM-00508_v1.png
CLM-01491,train,Manual Review,0,cards/train/Manual Review/CLM-01491_v0.png
CLM-01491,train,Manual Review,1,cards/train/Manual Review/CLM-01491_v1.png
CLM-00629,train,Invalid Claim,0,cards/train/Invalid Claim/CLM-00629_v0.png
CLM-00629,train,Invalid Claim,1,cards/train/Invalid Claim/CLM-00629_v1.png
CLM-00939,train,Invalid Claim,0,cards/train/Invalid Claim/CLM-00939_v0.png
CLM-00939,train,Invalid Claim,1,cards/train/Invalid Claim/CLM-00939_v1.png
CLM-00299,train,Valid Claim,0,cards/train/Valid Claim/CLM-00299_v0.png
CLM-00299,train,Valid Claim,1,cards/train/Valid Claim/CLM-00299_v1.png
CLM-00656,train,Invalid Claim,0,cards/train/Invalid Claim/CLM-00656_v0.png
CLM-00656,train,Invalid Claim,1,cards/train/Invalid Claim/CLM-00656_v1.png
CLM-01107,train,Manual Review,0,cards/train/Manual Review/CLM-01107_v0.png
CLM-01107,train,Manual Review,1,cards/train/Manual Review/CLM-01107_v1.png
CLM-00843,train,Invalid Claim,0,cards/train/Invalid Claim/CLM-00843_v0.png
CLM-00843,train,Invalid Claim,1,cards/train/Invalid Claim/CLM-00843_v1.png
CLM-01308,train,Manual Review,0,cards/train/Manual Review/CLM-01308_v0.png
CLM-01308,train,Manual Review,1,cards/train/Manual Review/CLM-01308_v1.png
CLM-00611,train,Invalid Claim,0,cards/train/Invalid Claim/CLM-00611_v0.png
CLM-00611,train,Invalid Claim,1,cards/train/Invalid Claim/CLM-00611_v1.png
CLM-00218,train,Valid Claim,0,cards/train/Valid Claim/CLM-00218_v0.png
CLM-00218,train,Valid Claim,1,cards/train/Valid Claim/CLM-00218_v1.png
CLM-00126,train,Valid Claim,0,cards/train/Valid Claim/CLM-00126_v0.png
CLM-00126,train,Valid Claim,1,cards/train/Valid Claim/CLM-00126_v1.png
CLM-01145,train,Manual Review,0,cards/train/Manual Review/CLM-01145_v0.png
CLM-01145,train,Manual Review,1,cards/train/Manual Review/CLM-01145_v1.png
CLM-01165,train,Manual Review,0,cards/train/Manual Review/CLM-01165_v0.png
CLM-01165,train,Manual Review,1,cards/train/Manual Review/CLM-01165_v1.png
CLM-01137,train,Manual Review,0,cards/train/Manual Review/CLM-01137_v0.png
CLM-01137,train,Manual Review,1,cards/train/Manual Review/CLM-01137_v1.png
CLM-00124,train,Valid Claim,0,cards/train/Valid Claim/CLM-00124_v0.png
CLM-00124,train,Valid Claim,1,cards/train/Valid Claim/CLM-00124_v1.png
CLM-00572,train,Invalid Claim,0,cards/train/Invalid Claim/CLM-00572_v0.png
CLM-00572,train,Invalid Claim,1,cards/train/Invalid Claim/CLM-00572_v1.png
CLM-01020,train,Manual Review,0,cards/train/Manual Review/CLM-01020_v0.png
CLM-01020,train,Manual Review,1,cards/train/Manual Review/CLM-01020_v1.png
CLM-01202,train,Manual Review,0,cards/train/Manual Review/CLM-01202_v0.png
CLM-01202,train,Manual Review,1,cards/train/Manual Review/CLM-01202_v1.png
CLM-00060,train,Valid Claim,0,cards/train/Valid Claim/CLM-00060_v0.png
CLM-00060,train,Valid Claim,1,cards/train/Valid Claim/CLM-00060_v1.png
CLM-00961,train,Invalid Claim,0,cards/train/Invalid Claim/CLM-00961_v0.png
CLM-00961,train,Invalid Claim,1,cards/train/Invalid Claim/CLM-00961_v1.png
CLM-00405,train,Valid Claim,0,cards/train/Valid Claim/CLM-00405_v0.png
CLM-00405,train,Valid Claim,1,cards/train/Valid Claim/CLM-00405_v1.png
CLM-00348,train,Valid Claim,0,cards/train/Valid Claim/CLM-00348_v0.png
CLM-00348,train,Valid Claim,1,cards/train/Valid Claim/CLM-00348_v1.png
CLM-01095,train,Manual Review,0,cards/train/Manual Review/CLM-01095_v0.png
CLM-01095,train,Manual Review,1,cards/train/Manual Review/CLM-01095_v1.png
CLM-00470,train,Valid Claim,0,cards/train/Valid Claim/CLM-00470_v0.png
CLM-00470,train,Valid Claim,1,cards/train/Valid Claim/CLM-00470_v1.png
CLM-01009,train,Manual Review,0,cards/train/Manual Review/CLM-01009_v0.png
CLM-01009,train,Manual Review,1,cards/train/Manual Review/CLM-01009_v1.png
CLM-00421,train,Valid Claim,0,cards/train/Valid Claim/CLM-00421_v0.png
CLM-00421,train,Valid Claim,1,cards/train/Valid Claim/CLM-00421_v1.png
CLM-00991,train,Invalid Claim,0,cards/train/Invalid Claim/CLM-00991_v0.png
CLM-00991,train,Invalid Claim,1,cards/train/Invalid Claim/CLM-00991_v1.png
CLM-00640,train,Invalid Claim,0,cards/train/Invalid Claim/CLM-00640_v0.png
CLM-00640,train,Invalid Claim,1,cards/train/Invalid Claim/CLM-00640_v1.png
CLM-00951,train,Invalid Claim,0,cards/train/Invalid Claim/CLM-00951_v0.png
CLM-00951,train,Invalid Claim,1,cards/train/Invalid Claim/CLM-00951_v1.png
CLM-00622,train,Invalid Claim,0,cards/train/Invalid Claim/CLM-00622_v0.png
CLM-00622,train,Invalid Claim,1,cards/train/Invalid Claim/CLM-00622_v1.png
CLM-00387,train,Valid Claim,0,cards/train/Valid Claim/CLM-00387_v0.png
CLM-00387,train,Valid Claim,1,cards/train/Valid Claim/CLM-00387_v1.png
CLM-00496,train,Valid Claim,0,cards/train/Valid Claim/CLM-00496_v0.png
CLM-00496,train,Valid Claim,1,cards/train/Valid Claim/CLM-00496_v1.png
CLM-01455,train,Manual Review,0,cards/train/Manual Review/CLM-01455_v0.png
CLM-01455,train,Manual Review,1,cards/train/Manual Review/CLM-01455_v1.png
CLM-01148,train,Manual Review,0,cards/train/Manual Review/CLM-01148_v0.png
CLM-01148,train,Manual Review,1,cards/train/Manual Review/CLM-01148_v1.png
CLM-01456,train,Manual Review,0,cards/train/Manual Review/CLM-01456_v0.png
CLM-01456,train,Manual Review,1,cards/train/Manual Review/CLM-01456_v1.png
CLM-00550,train,Invalid Claim,0,cards/train/Invalid Claim/CLM-00550_v0.png
CLM-00550,train,Invalid Claim,1,cards/train/Invalid Claim/CLM-00550_v1.png
CLM-00216,train,Valid Claim,0,cards/train/Valid Claim/CLM-00216_v0.png
CLM-00216,train,Valid Claim,1,cards/train/Valid Claim/CLM-00216_v1.png
CLM-01272,train,Manual Review,0,cards/train/Manual Review/CLM-01272_v0.png
CLM-01272,train,Manual Review,1,cards/train/Manual Review/CLM-01272_v1.png
CLM-00695,train,Invalid Claim,0,cards/train/Invalid Claim/CLM-00695_v0.png
CLM-00695,train,Invalid Claim,1,cards/train/Invalid Claim/CLM-00695_v1.png
CLM-00977,train,Invalid Claim,0,cards/train/Invalid Claim/CLM-00977_v0.png
CLM-00977,train,Invalid Claim,1,cards/train/Invalid Claim/CLM-00977_v1.png
CLM-00303,train,Valid Claim,0,cards/train/Valid Claim/CLM-00303_v0.png
CLM-00303,train,Valid Claim,1,cards/train/Valid Claim/CLM-00303_v1.png
CLM-00255,train,Valid Claim,0,cards/train/Valid Claim/CLM-00255_v0.png
CLM-00255,train,Valid Claim,1,cards/train/Valid Claim/CLM-00255_v1.png
CLM-01055,train,Manual Review,0,cards/train/Manual Review/CLM-01055_v0.png
CLM-01055,train,Manual Review,1,cards/train/Manual Review/CLM-01055_v1.png
CLM-01382,train,Manual Review,0,cards/train/Manual Review/CLM-01382_v0.png
CLM-01382,train,Manual Review,1,cards/train/Manual Review/CLM-01382_v1.png
CLM-01496,train,Manual Review,0,cards/train/Manual Review/CLM-01496_v0.png
CLM-01496,train,Manual Review,1,cards/train/Manual Review/CLM-01496_v1.png
CLM-00455,train,Valid Claim,0,cards/train/Valid Claim/CLM-00455_v0.png
CLM-00455,train,Valid Claim,1,cards/train/Valid Claim/CLM-00455_v1.png
CLM-00925,train,Invalid Claim,0,cards/train/Invalid Claim/CLM-00925_v0.png
CLM-00925,train,Invalid Claim,1,cards/train/Invalid Claim/CLM-00925_v1.png
CLM-01323,train,Manual Review,0,cards/train/Manual Review/CLM-01323_v0.png
CLM-01323,train,Manual Review,1,cards/train/Manual Review/CLM-01323_v1.png
CLM-01138,train,Manual Review,0,cards/train/Manual Review/CLM-01138_v0.png
CLM-01138,train,Manual Review,1,cards/train/Manual Review/CLM-01138_v1.png
CLM-00587,train,Invalid Claim,0,cards/train/Invalid Claim/CLM-00587_v0.png
CLM-00587,train,Invalid Claim,1,cards/train/Invalid Claim/CLM-00587_v1.png
CLM-00563,train,Invalid Claim,0,cards/train/Invalid Claim/CLM-00563_v0.png
CLM-00563,train,Invalid Claim,1,cards/train/Invalid Claim/CLM-00563_v1.png
CLM-01037,train,Manual Review,0,cards/train/Manual Review/CLM-01037_v0.png
CLM-01037,train,Manual Review,1,cards/train/Manual Review/CLM-01037_v1.png
CLM-00522,train,Invalid Claim,0,cards/train/Invalid Claim/CLM-00522_v0.png
CLM-00522,train,Invalid Claim,1,cards/train/Invalid Claim/CLM-00522_v1.png
CLM-00660,train,Invalid Claim,0,cards/train/Invalid Claim/CLM-00660_v0.png
CLM-00660,train,Invalid Claim,1,cards/train/Invalid Claim/CLM-00660_v1.png
CLM-00673,train,Invalid Claim,0,cards/train/Invalid Claim/CLM-00673_v0.png
CLM-00673,train,Invalid Claim,1,cards/train/Invalid Claim/CLM-00673_v1.png
CLM-00054,train,Valid Claim,0,cards/train/Valid Claim/CLM-00054_v0.png
CLM-00054,train,Valid Claim,1,cards/train/Valid Claim/CLM-00054_v1.png
CLM-01397,train,Manual Review,0,cards/train/Manual Review/CLM-01397_v0.png
CLM-01397,train,Manual Review,1,cards/train/Manual Review/CLM-01397_v1.png
CLM-01257,train,Manual Review,0,cards/train/Manual Review/CLM-01257_v0.png
CLM-01257,train,Manual Review,1,cards/train/Manual Review/CLM-01257_v1.png
CLM-01483,train,Manual Review,0,cards/train/Manual Review/CLM-01483_v0.png
CLM-01483,train,Manual Review,1,cards/train/Manual Review/CLM-01483_v1.png
CLM-00627,train,Invalid Claim,0,cards/train/Invalid Claim/CLM-00627_v0.png
CLM-00627,train,Invalid Claim,1,cards/train/Invalid Claim/CLM-00627_v1.png
CLM-00211,train,Valid Claim,0,cards/train/Valid Claim/CLM-00211_v0.png
CLM-00211,train,Valid Claim,1,cards/train/Valid Claim/CLM-00211_v1.png
CLM-01078,train,Manual Review,0,cards/train/Manual Review/CLM-01078_v0.png
CLM-01078,train,Manual Review,1,cards/train/Manual Review/CLM-01078_v1.png
CLM-00239,train,Valid Claim,0,cards/train/Valid Claim/CLM-00239_v0.png
CLM-00239,train,Valid Claim,1,cards/train/Valid Claim/CLM-00239_v1.png
CLM-00668,train,Invalid Claim,0,cards/train/Invalid Claim/CLM-00668_v0.png
CLM-00668,train,Invalid Claim,1,cards/train/Invalid Claim/CLM-00668_v1.png
CLM-00983,train,Invalid Claim,0,cards/train/Invalid Claim/CLM-00983_v0.png
CLM-00983,train,Invalid Claim,1,cards/train/Invalid Claim/CLM-00983_v1.png
CLM-01294,train,Manual Review,0,cards/train/Manual Review/CLM-01294_v0.png
CLM-01294,train,Manual Review,1,cards/train/Manual Review/CLM-01294_v1.png
CLM-01230,train,Manual Review,0,cards/train/Manual Review/CLM-01230_v0.png
CLM-01230,train,Manual Review,1,cards/train/Manual Review/CLM-01230_v1.png
CLM-01052,train,Manual Review,0,cards/train/Manual Review/CLM-01052_v0.png
CLM-01052,train,Manual Review,1,cards/train/Manual Review/CLM-01052_v1.png
CLM-01435,train,Manual Review,0,cards/train/Manual Review/CLM-01435_v0.png
CLM-01435,train,Manual Review,1,cards/train/Manual Review/CLM-01435_v1.png
CLM-01008,train,Manual Review,0,cards/train/Manual Review/CLM-01008_v0.png
CLM-01008,train,Manual Review,1,cards/train/Manual Review/CLM-01008_v1.png
CLM-00318,train,Valid Claim,0,cards/train/Valid Claim/CLM-00318_v0.png
CLM-00318,train,Valid Claim,1,cards/train/Valid Claim/CLM-00318_v1.png
CLM-00661,train,Invalid Claim,0,cards/train/Invalid Claim/CLM-00661_v0.png
CLM-00661,train,Invalid Claim,1,cards/train/Invalid Claim/CLM-00661_v1.png
CLM-00418,train,Valid Claim,0,cards/train/Valid Claim/CLM-00418_v0.png
CLM-00418,train,Valid Claim,1,cards/train/Valid Claim/CLM-00418_v1.png
CLM-00682,train,Valid Claim,0,cards/train/Valid Claim/CLM-00682_v0.png
CLM-00682,train,Valid Claim,1,cards/train/Valid Claim/CLM-00682_v1.png
CLM-01471,train,Manual Review,0,cards/train/Manual Review/CLM-01471_v0.png
CLM-01471,train,Manual Review,1,cards/train/Manual Review/CLM-01471_v1.png
CLM-01302,train,Manual Review,0,cards/train/Manual Review/CLM-01302_v0.png
CLM-01302,train,Manual Review,1,cards/train/Manual Review/CLM-01302_v1.png
CLM-00324,train,Valid Claim,0,cards/train/Valid Claim/CLM-00324_v0.png
CLM-00324,train,Valid Claim,1,cards/train/Valid Claim/CLM-00324_v1.png
CLM-00711,train,Invalid Claim,0,cards/train/Invalid Claim/CLM-00711_v0.png
CLM-00711,train,Invalid Claim,1,cards/train/Invalid Claim/CLM-00711_v1.png
CLM-01269,train,Manual Review,0,cards/train/Manual Review/CLM-01269_v0.png
CLM-01269,train,Manual Review,1,cards/train/Manual Review/CLM-01269_v1.png
CLM-00842,train,Invalid Claim,0,cards/train/Invalid Claim/CLM-00842_v0.png
CLM-00842,train,Invalid Claim,1,cards/train/Invalid Claim/CLM-00842_v1.png
CLM-00609,train,Invalid Claim,0,cards/train/Invalid Claim/CLM-00609_v0.png
CLM-00609,train,Invalid Claim,1,cards/train/Invalid Claim/CLM-00609_v1.png
CLM-00666,train,Invalid Claim,0,cards/train/Invalid Claim/CLM-00666_v0.png
CLM-00666,train,Invalid Claim,1,cards/train/Invalid Claim/CLM-00666_v1.png
CLM-00390,train,Valid Claim,0,cards/train/Valid Claim/CLM-00390_v0.png
CLM-00390,train,Valid Claim,1,cards/train/Valid Claim/CLM-00390_v1.png
CLM-01275,train,Invalid Claim,0,cards/train/Invalid Claim/CLM-01275_v0.png
CLM-01275,train,Invalid Claim,1,cards/train/Invalid Claim/CLM-01275_v1.png
CLM-01186,train,Invalid Claim,0,cards/train/Invalid Claim/CLM-01186_v0.png
CLM-01186,train,Invalid Claim,1,cards/train/Invalid Claim/CLM-01186_v1.png
CLM-00603,train,Invalid Claim,0,cards/train/Invalid Claim/CLM-00603_v0.png
CLM-00603,train,Invalid Claim,1,cards/train/Invalid Claim/CLM-00603_v1.png
CLM-00018,train,Valid Claim,0,cards/train/Valid Claim/CLM-00018_v0.png
CLM-00018,train,Valid Claim,1,cards/train/Valid Claim/CLM-00018_v1.png
CLM-00530,train,Invalid Claim,0,cards/train/Invalid Claim/CLM-00530_v0.png
CLM-00530,train,Invalid Claim,1,cards/train/Invalid Claim/CLM-00530_v1.png
CLM-00691,train,Invalid Claim,0,cards/train/Invalid Claim/CLM-00691_v0.png
CLM-00691,train,Invalid Claim,1,cards/train/Invalid Claim/CLM-00691_v1.png
CLM-00259,train,Valid Claim,0,cards/train/Valid Claim/CLM-00259_v0.png
CLM-00259,train,Valid Claim,1,cards/train/Valid Claim/CLM-00259_v1.png
CLM-00906,train,Invalid Claim,0,cards/train/Invalid Claim/CLM-00906_v0.png
CLM-00906,train,Invalid Claim,1,cards/train/Invalid Claim/CLM-00906_v1.png
CLM-01495,train,Manual Review,0,cards/train/Manual Review/CLM-01495_v0.png
CLM-01495,train,Manual Review,1,cards/train/Manual Review/CLM-01495_v1.png
CLM-01448,train,Manual Review,0,cards/train/Manual Review/CLM-01448_v0.png
CLM-01448,train,Manual Review,1,cards/train/Manual Review/CLM-01448_v1.png
CLM-00781,train,Invalid Claim,0,cards/train/Invalid Claim/CLM-00781_v0.png
CLM-00781,train,Invalid Claim,1,cards/train/Invalid Claim/CLM-00781_v1.png
CLM-00913,train,Manual Review,0,cards/train/Manual Review/CLM-00913_v0.png
CLM-00913,train,Manual Review,1,cards/train/Manual Review/CLM-00913_v1.png
CLM-00516,train,Invalid Claim,0,cards/train/Invalid Claim/CLM-00516_v0.png
CLM-00516,train,Invalid Claim,1,cards/train/Invalid Claim/CLM-00516_v1.png
CLM-00307,train,Valid Claim,0,cards/train/Valid Claim/CLM-00307_v0.png
CLM-00307,train,Valid Claim,1,cards/train/Valid Claim/CLM-00307_v1.png
CLM-00984,train,Invalid Claim,0,cards/train/Invalid Claim/CLM-00984_v0.png
CLM-00984,train,Invalid Claim,1,cards/train/Invalid Claim/CLM-00984_v1.png
CLM-00726,train,Invalid Claim,0,cards/train/Invalid Claim/CLM-00726_v0.png
CLM-00726,train,Invalid Claim,1,cards/train/Invalid Claim/CLM-00726_v1.png
CLM-00784,train,Invalid Claim,0,cards/train/Invalid Claim/CLM-00784_v0.png
CLM-00784,train,Invalid Claim,1,cards/train/Invalid Claim/CLM-00784_v1.png
CLM-00300,train,Valid Claim,0,cards/train/Valid Claim/CLM-00300_v0.png
CLM-00300,train,Valid Claim,1,cards/train/Valid Claim/CLM-00300_v1.png
CLM-01136,train,Manual Review,0,cards/train/Manual Review/CLM-01136_v0.png
CLM-01136,train,Manual Review,1,cards/train/Manual Review/CLM-01136_v1.png
CLM-01481,train,Manual Review,0,cards/train/Manual Review/CLM-01481_v0.png
CLM-01481,train,Manual Review,1,cards/train/Manual Review/CLM-01481_v1.png
CLM-01147,train,Manual Review,0,cards/train/Manual Review/CLM-01147_v0.png
CLM-01147,train,Manual Review,1,cards/train/Manual Review/CLM-01147_v1.png
CLM-00346,train,Valid Claim,0,cards/train/Valid Claim/CLM-00346_v0.png
CLM-00346,train,Valid Claim,1,cards/train/Valid Claim/CLM-00346_v1.png
CLM-00671,train,Invalid Claim,0,cards/train/Invalid Claim/CLM-00671_v0.png
CLM-00671,train,Invalid Claim,1,cards/train/Invalid Claim/CLM-00671_v1.png
CLM-01369,train,Manual Review,0,cards/train/Manual Review/CLM-01369_v0.png
CLM-01369,train,Manual Review,1,cards/train/Manual Review/CLM-01369_v1.png
CLM-00558,train,Invalid Claim,0,cards/train/Invalid Claim/CLM-00558_v0.png
CLM-00558,train,Invalid Claim,1,cards/train/Invalid Claim/CLM-00558_v1.png
CLM-00672,train,Invalid Claim,0,cards/train/Invalid Claim/CLM-00672_v0.png
CLM-00672,train,Invalid Claim,1,cards/train/Invalid Claim/CLM-00672_v1.png
CLM-00499,train,Manual Review,0,cards/train/Manual Review/CLM-00499_v0.png
CLM-00499,train,Manual Review,1,cards/train/Manual Review/CLM-00499_v1.png
CLM-00797,train,Invalid Claim,0,cards/train/Invalid Claim/CLM-00797_v0.png
CLM-00797,train,Invalid Claim,1,cards/train/Invalid Claim/CLM-00797_v1.png
CLM-00565,train,Invalid Claim,0,cards/train/Invalid Claim/CLM-00565_v0.png
CLM-00565,train,Invalid Claim,1,cards/train/Invalid Claim/CLM-00565_v1.png
CLM-00048,train,Valid Claim,0,cards/train/Valid Claim/CLM-00048_v0.png
CLM-00048,train,Valid Claim,1,cards/train/Valid Claim/CLM-00048_v1.png
CLM-00942,train,Invalid Claim,0,cards/train/Invalid Claim/CLM-00942_v0.png
CLM-00942,train,Invalid Claim,1,cards/train/Invalid Claim/CLM-00942_v1.png
CLM-00615,train,Invalid Claim,0,cards/train/Invalid Claim/CLM-00615_v0.png
CLM-00615,train,Invalid Claim,1,cards/train/Invalid Claim/CLM-00615_v1.png
CLM-00183,train,Valid Claim,0,cards/train/Valid Claim/CLM-00183_v0.png
CLM-00183,train,Valid Claim,1,cards/train/Valid Claim/CLM-00183_v1.png
CLM-00613,train,Invalid Claim,0,cards/train/Invalid Claim/CLM-00613_v0.png
CLM-00613,train,Invalid Claim,1,cards/train/Invalid Claim/CLM-00613_v1.png
CLM-01307,train,Manual Review,0,cards/train/Manual Review/CLM-01307_v0.png
CLM-01307,train,Manual Review,1,cards/train/Manual Review/CLM-01307_v1.png
CLM-00134,train,Valid Claim,0,cards/train/Valid Claim/CLM-00134_v0.png
CLM-00134,train,Valid Claim,1,cards/train/Valid Claim/CLM-00134_v1.png
CLM-01025,train,Manual Review,0,cards/train/Manual Review/CLM-01025_v0.png
CLM-01025,train,Manual Review,1,cards/train/Manual Review/CLM-01025_v1.png
CLM-00827,train,Invalid Claim,0,cards/train/Invalid Claim/CLM-00827_v0.png
CLM-00827,train,Invalid Claim,1,cards/train/Invalid Claim/CLM-00827_v1.png
CLM-00854,train,Valid Claim,0,cards/train/Valid Claim/CLM-00854_v0.png
CLM-00854,train,Valid Claim,1,cards/train/Valid Claim/CLM-00854_v1.png
CLM-01299,train,Manual Review,0,cards/train/Manual Review/CLM-01299_v0.png
CLM-01299,train,Manual Review,1,cards/train/Manual Review/CLM-01299_v1.png
CLM-00150,train,Valid Claim,0,cards/train/Valid Claim/CLM-00150_v0.png
CLM-00150,train,Valid Claim,1,cards/train/Valid Claim/CLM-00150_v1.png
CLM-01090,train,Manual Review,0,cards/train/Manual Review/CLM-01090_v0.png
CLM-01090,train,Manual Review,1,cards/train/Manual Review/CLM-01090_v1.png
CLM-00907,train,Invalid Claim,0,cards/train/Invalid Claim/CLM-00907_v0.png
CLM-00907,train,Invalid Claim,1,cards/train/Invalid Claim/CLM-00907_v1.png
CLM-01204,train,Manual Review,0,cards/train/Manual Review/CLM-01204_v0.png
CLM-01204,train,Manual Review,1,cards/train/Manual Review/CLM-01204_v1.png
CLM-01106,train,Manual Review,0,cards/train/Manual Review/CLM-01106_v0.png
CLM-01106,train,Manual Review,1,cards/train/Manual Review/CLM-01106_v1.png
CLM-01237,train,Manual Review,0,cards/train/Manual Review/CLM-01237_v0.png
CLM-01237,train,Manual Review,1,cards/train/Manual Review/CLM-01237_v1.png
CLM-00665,train,Invalid Claim,0,cards/train/Invalid Claim/CLM-00665_v0.png
CLM-00665,train,Invalid Claim,1,cards/train/Invalid Claim/CLM-00665_v1.png
CLM-00817,train,Invalid Claim,0,cards/train/Invalid Claim/CLM-00817_v0.png
CLM-00817,train,Invalid Claim,1,cards/train/Invalid Claim/CLM-00817_v1.png
CLM-00215,train,Valid Claim,0,cards/train/Valid Claim/CLM-00215_v0.png
CLM-00215,train,Valid Claim,1,cards/train/Valid Claim/CLM-00215_v1.png
CLM-00097,train,Valid Claim,0,cards/train/Valid Claim/CLM-00097_v0.png
CLM-00097,train,Valid Claim,1,cards/train/Valid Claim/CLM-00097_v1.png
CLM-00312,train,Valid Claim,0,cards/train/Valid Claim/CLM-00312_v0.png
CLM-00312,train,Valid Claim,1,cards/train/Valid Claim/CLM-00312_v1.png
CLM-01178,train,Manual Review,0,cards/train/Manual Review/CLM-01178_v0.png
CLM-01178,train,Manual Review,1,cards/train/Manual Review/CLM-01178_v1.png
CLM-01111,train,Manual Review,0,cards/train/Manual Review/CLM-01111_v0.png
CLM-01111,train,Manual Review,1,cards/train/Manual Review/CLM-01111_v1.png
CLM-00102,train,Valid Claim,0,cards/train/Valid Claim/CLM-00102_v0.png
CLM-00102,train,Valid Claim,1,cards/train/Valid Claim/CLM-00102_v1.png
CLM-01427,train,Manual Review,0,cards/train/Manual Review/CLM-01427_v0.png
CLM-01427,train,Manual Review,1,cards/train/Manual Review/CLM-01427_v1.png
CLM-00262,train,Valid Claim,0,cards/train/Valid Claim/CLM-00262_v0.png
CLM-00262,train,Valid Claim,1,cards/train/Valid Claim/CLM-00262_v1.png
CLM-00976,train,Invalid Claim,0,cards/train/Invalid Claim/CLM-00976_v0.png
CLM-00976,train,Invalid Claim,1,cards/train/Invalid Claim/CLM-00976_v1.png
CLM-00025,train,Valid Claim,0,cards/train/Valid Claim/CLM-00025_v0.png
CLM-00025,train,Valid Claim,1,cards/train/Valid Claim/CLM-00025_v1.png
CLM-01172,train,Manual Review,0,cards/train/Manual Review/CLM-01172_v0.png
CLM-01172,train,Manual Review,1,cards/train/Manual Review/CLM-01172_v1.png
CLM-00882,train,Invalid Claim,0,cards/train/Invalid Claim/CLM-00882_v0.png
CLM-00882,train,Invalid Claim,1,cards/train/Invalid Claim/CLM-00882_v1.png
CLM-00639,train,Manual Review,0,cards/train/Manual Review/CLM-00639_v0.png
CLM-00639,train,Manual Review,1,cards/train/Manual Review/CLM-00639_v1.png
CLM-00464,train,Valid Claim,0,cards/train/Valid Claim/CLM-00464_v0.png
CLM-00464,train,Valid Claim,1,cards/train/Valid Claim/CLM-00464_v1.png
CLM-01408,train,Manual Review,0,cards/train/Manual Review/CLM-01408_v0.png
CLM-01408,train,Manual Review,1,cards/train/Manual Review/CLM-01408_v1.png
CLM-00094,train,Valid Claim,0,cards/train/Valid Claim/CLM-00094_v0.png
CLM-00094,train,Valid Claim,1,cards/train/Valid Claim/CLM-00094_v1.png
CLM-00208,train,Valid Claim,0,cards/train/Valid Claim/CLM-00208_v0.png
CLM-00208,train,Valid Claim,1,cards/train/Valid Claim/CLM-00208_v1.png
CLM-01192,train,Manual Review,0,cards/train/Manual Review/CLM-01192_v0.png
CLM-01192,train,Manual Review,1,cards/train/Manual Review/CLM-01192_v1.png
CLM-00863,train,Invalid Claim,0,cards/train/Invalid Claim/CLM-00863_v0.png
CLM-00863,train,Invalid Claim,1,cards/train/Invalid Claim/CLM-00863_v1.png
CLM-00268,train,Valid Claim,0,cards/train/Valid Claim/CLM-00268_v0.png
CLM-00268,train,Valid Claim,1,cards/train/Valid Claim/CLM-00268_v1.png
CLM-00489,train,Valid Claim,0,cards/train/Valid Claim/CLM-00489_v0.png
CLM-00489,train,Valid Claim,1,cards/train/Valid Claim/CLM-00489_v1.png
CLM-00151,train,Valid Claim,0,cards/train/Valid Claim/CLM-00151_v0.png
CLM-00151,train,Valid Claim,1,cards/train/Valid Claim/CLM-00151_v1.png
CLM-00562,train,Invalid Claim,0,cards/train/Invalid Claim/CLM-00562_v0.png
CLM-00562,train,Invalid Claim,1,cards/train/Invalid Claim/CLM-00562_v1.png
CLM-01444,train,Manual Review,0,cards/train/Manual Review/CLM-01444_v0.png
CLM-01444,train,Manual Review,1,cards/train/Manual Review/CLM-01444_v1.png
CLM-01075,train,Valid Claim,0,cards/train/Valid Claim/CLM-01075_v0.png
CLM-01075,train,Valid Claim,1,cards/train/Valid Claim/CLM-01075_v1.png
CLM-00482,train,Valid Claim,0,cards/train/Valid Claim/CLM-00482_v0.png
CLM-00482,train,Valid Claim,1,cards/train/Valid Claim/CLM-00482_v1.png
CLM-00967,train,Invalid Claim,0,cards/train/Invalid Claim/CLM-00967_v0.png
CLM-00967,train,Invalid Claim,1,cards/train/Invalid Claim/CLM-00967_v1.png
CLM-00651,train,Invalid Claim,0,cards/train/Invalid Claim/CLM-00651_v0.png
CLM-00651,train,Invalid Claim,1,cards/train/Invalid Claim/CLM-00651_v1.png
CLM-00581,train,Invalid Claim,0,cards/train/Invalid Claim/CLM-00581_v0.png
CLM-00581,train,Invalid Claim,1,cards/train/Invalid Claim/CLM-00581_v1.png
CLM-00157,train,Valid Claim,0,cards/train/Valid Claim/CLM-00157_v0.png
CLM-00157,train,Valid Claim,1,cards/train/Valid Claim/CLM-00157_v1.png
CLM-00173,train,Valid Claim,0,cards/train/Valid Claim/CLM-00173_v0.png
CLM-00173,train,Valid Claim,1,cards/train/Valid Claim/CLM-00173_v1.png
CLM-01360,train,Valid Claim,0,cards/train/Valid Claim/CLM-01360_v0.png
CLM-01360,train,Valid Claim,1,cards/train/Valid Claim/CLM-01360_v1.png
CLM-01395,train,Manual Review,0,cards/train/Manual Review/CLM-01395_v0.png
CLM-01395,train,Manual Review,1,cards/train/Manual Review/CLM-01395_v1.png
CLM-00988,train,Invalid Claim,0,cards/train/Invalid Claim/CLM-00988_v0.png
CLM-00988,train,Invalid Claim,1,cards/train/Invalid Claim/CLM-00988_v1.png
CLM-00040,train,Valid Claim,0,cards/train/Valid Claim/CLM-00040_v0.png
CLM-00040,train,Valid Claim,1,cards/train/Valid Claim/CLM-00040_v1.png
CLM-00709,train,Invalid Claim,0,cards/train/Invalid Claim/CLM-00709_v0.png
CLM-00709,train,Invalid Claim,1,cards/train/Invalid Claim/CLM-00709_v1.png
CLM-00852,train,Invalid Claim,0,cards/train/Invalid Claim/CLM-00852_v0.png
CLM-00852,train,Invalid Claim,1,cards/train/Invalid Claim/CLM-00852_v1.png
CLM-00669,train,Invalid Claim,0,cards/train/Invalid Claim/CLM-00669_v0.png
CLM-00669,train,Invalid Claim,1,cards/train/Invalid Claim/CLM-00669_v1.png
CLM-00519,train,Invalid Claim,0,cards/train/Invalid Claim/CLM-00519_v0.png
CLM-00519,train,Invalid Claim,1,cards/train/Invalid Claim/CLM-00519_v1.png
CLM-01300,train,Manual Review,0,cards/train/Manual Review/CLM-01300_v0.png
CLM-01300,train,Manual Review,1,cards/train/Manual Review/CLM-01300_v1.png
CLM-00904,train,Invalid Claim,0,cards/train/Invalid Claim/CLM-00904_v0.png
CLM-00904,train,Invalid Claim,1,cards/train/Invalid Claim/CLM-00904_v1.png
CLM-00486,train,Valid Claim,0,cards/train/Valid Claim/CLM-00486_v0.png
CLM-00486,train,Valid Claim,1,cards/train/Valid Claim/CLM-00486_v1.png
CLM-01361,train,Manual Review,0,cards/train/Manual Review/CLM-01361_v0.png
CLM-01361,train,Manual Review,1,cards/train/Manual Review/CLM-01361_v1.png
CLM-00241,train,Valid Claim,0,cards/train/Valid Claim/CLM-00241_v0.png
CLM-00241,train,Valid Claim,1,cards/train/Valid Claim/CLM-00241_v1.png
CLM-01479,train,Manual Review,0,cards/train/Manual Review/CLM-01479_v0.png
CLM-01479,train,Manual Review,1,cards/train/Manual Review/CLM-01479_v1.png
CLM-00311,train,Valid Claim,0,cards/train/Valid Claim/CLM-00311_v0.png
CLM-00311,train,Valid Claim,1,cards/train/Valid Claim/CLM-00311_v1.png
CLM-00803,train,Invalid Claim,0,cards/train/Invalid Claim/CLM-00803_v0.png
CLM-00803,train,Invalid Claim,1,cards/train/Invalid Claim/CLM-00803_v1.png
CLM-00979,train,Invalid Claim,0,cards/train/Invalid Claim/CLM-00979_v0.png
CLM-00979,train,Invalid Claim,1,cards/train/Invalid Claim/CLM-00979_v1.png
CLM-00529,train,Invalid Claim,0,cards/train/Invalid Claim/CLM-00529_v0.png
CLM-00529,train,Invalid Claim,1,cards/train/Invalid Claim/CLM-00529_v1.png
CLM-00292,train,Valid Claim,0,cards/train/Valid Claim/CLM-00292_v0.png
CLM-00292,train,Valid Claim,1,cards/train/Valid Claim/CLM-00292_v1.png
CLM-00926,train,Invalid Claim,0,cards/train/Invalid Claim/CLM-00926_v0.png
CLM-00926,train,Invalid Claim,1,cards/train/Invalid Claim/CLM-00926_v1.png
CLM-00872,train,Invalid Claim,0,cards/train/Invalid Claim/CLM-00872_v0.png
CLM-00872,train,Invalid Claim,1,cards/train/Invalid Claim/CLM-00872_v1.png
CLM-00351,train,Valid Claim,0,cards/train/Valid Claim/CLM-00351_v0.png
CLM-00351,train,Valid Claim,1,cards/train/Valid Claim/CLM-00351_v1.png
CLM-00480,train,Valid Claim,0,cards/train/Valid Claim/CLM-00480_v0.png
CLM-00480,train,Valid Claim,1,cards/train/Valid Claim/CLM-00480_v1.png
CLM-00152,train,Valid Claim,0,cards/train/Valid Claim/CLM-00152_v0.png
CLM-00152,train,Valid Claim,1,cards/train/Valid Claim/CLM-00152_v1.png
CLM-00409,train,Valid Claim,0,cards/train/Valid Claim/CLM-00409_v0.png
CLM-00409,train,Valid Claim,1,cards/train/Valid Claim/CLM-00409_v1.png
CLM-01386,train,Manual Review,0,cards/train/Manual Review/CLM-01386_v0.png
CLM-01386,train,Manual Review,1,cards/train/Manual Review/CLM-01386_v1.png
CLM-00901,train,Invalid Claim,0,cards/train/Invalid Claim/CLM-00901_v0.png
CLM-00901,train,Invalid Claim,1,cards/train/Invalid Claim/CLM-00901_v1.png
CLM-01437,train,Manual Review,0,cards/train/Manual Review/CLM-01437_v0.png
CLM-01437,train,Manual Review,1,cards/train/Manual Review/CLM-01437_v1.png
CLM-00144,train,Valid Claim,0,cards/train/Valid Claim/CLM-00144_v0.png
CLM-00144,train,Valid Claim,1,cards/train/Valid Claim/CLM-00144_v1.png
CLM-00403,train,Valid Claim,0,cards/train/Valid Claim/CLM-00403_v0.png
CLM-00403,train,Valid Claim,1,cards/train/Valid Claim/CLM-00403_v1.png
CLM-00741,train,Invalid Claim,0,cards/train/Invalid Claim/CLM-00741_v0.png
CLM-00741,train,Invalid Claim,1,cards/train/Invalid Claim/CLM-00741_v1.png
CLM-01105,train,Manual Review,0,cards/train/Manual Review/CLM-01105_v0.png
CLM-01105,train,Manual Review,1,cards/train/Manual Review/CLM-01105_v1.png
CLM-00884,train,Invalid Claim,0,cards/train/Invalid Claim/CLM-00884_v0.png
CLM-00884,train,Invalid Claim,1,cards/train/Invalid Claim/CLM-00884_v1.png
CLM-01326,train,Manual Review,0,cards/train/Manual Review/CLM-01326_v0.png
CLM-01326,train,Manual Review,1,cards/train/Manual Review/CLM-01326_v1.png
CLM-00824,train,Invalid Claim,0,cards/train/Invalid Claim/CLM-00824_v0.png
CLM-00824,train,Invalid Claim,1,cards/train/Invalid Claim/CLM-00824_v1.png
CLM-00364,train,Invalid Claim,0,cards/train/Invalid Claim/CLM-00364_v0.png
CLM-00364,train,Invalid Claim,1,cards/train/Invalid Claim/CLM-00364_v1.png
CLM-00935,train,Invalid Claim,0,cards/train/Invalid Claim/CLM-00935_v0.png
CLM-00935,train,Invalid Claim,1,cards/train/Invalid Claim/CLM-00935_v1.png
CLM-01039,train,Manual Review,0,cards/train/Manual Review/CLM-01039_v0.png
CLM-01039,train,Manual Review,1,cards/train/Manual Review/CLM-01039_v1.png
CLM-01000,train,Invalid Claim,0,cards/train/Invalid Claim/CLM-01000_v0.png
CLM-01000,train,Invalid Claim,1,cards/train/Invalid Claim/CLM-01000_v1.png
CLM-00765,train,Invalid Claim,0,cards/train/Invalid Claim/CLM-00765_v0.png
CLM-00765,train,Invalid Claim,1,cards/train/Invalid Claim/CLM-00765_v1.png
CLM-00714,train,Invalid Claim,0,cards/train/Invalid Claim/CLM-00714_v0.png
CLM-00714,train,Invalid Claim,1,cards/train/Invalid Claim/CLM-00714_v1.png
CLM-00487,train,Valid Claim,0,cards/train/Valid Claim/CLM-00487_v0.png
CLM-00487,train,Valid Claim,1,cards/train/Valid Claim/CLM-00487_v1.png
CLM-01499,train,Manual Review,0,cards/train/Manual Review/CLM-01499_v0.png
CLM-01499,train,Manual Review,1,cards/train/Manual Review/CLM-01499_v1.png
CLM-00598,train,Invalid Claim,0,cards/train/Invalid Claim/CLM-00598_v0.png
CLM-00598,train,Invalid Claim,1,cards/train/Invalid Claim/CLM-00598_v1.png
CLM-01422,train,Manual Review,0,cards/train/Manual Review/CLM-01422_v0.png
CLM-01422,train,Manual Review,1,cards/train/Manual Review/CLM-01422_v1.png
CLM-00062,train,Valid Claim,0,cards/train/Valid Claim/CLM-00062_v0.png
CLM-00062,train,Valid Claim,1,cards/train/Valid Claim/CLM-00062_v1.png
CLM-01094,train,Manual Review,0,cards/train/Manual Review/CLM-01094_v0.png
CLM-01094,train,Manual Review,1,cards/train/Manual Review/CLM-01094_v1.png
CLM-01264,train,Manual Review,0,cards/train/Manual Review/CLM-01264_v0.png
CLM-01264,train,Manual Review,1,cards/train/Manual Review/CLM-01264_v1.png
CLM-00322,train,Valid Claim,0,cards/train/Valid Claim/CLM-00322_v0.png
CLM-00322,train,Valid Claim,1,cards/train/Valid Claim/CLM-00322_v1.png
CLM-00481,train,Valid Claim,0,cards/train/Valid Claim/CLM-00481_v0.png
CLM-00481,train,Valid Claim,1,cards/train/Valid Claim/CLM-00481_v1.png
CLM-00093,train,Valid Claim,0,cards/train/Valid Claim/CLM-00093_v0.png
CLM-00093,train,Valid Claim,1,cards/train/Valid Claim/CLM-00093_v1.png
CLM-00579,train,Invalid Claim,0,cards/train/Invalid Claim/CLM-00579_v0.png
CLM-00579,train,Invalid Claim,1,cards/train/Invalid Claim/CLM-00579_v1.png
CLM-00024,train,Valid Claim,0,cards/train/Valid Claim/CLM-00024_v0.png
CLM-00024,train,Valid Claim,1,cards/train/Valid Claim/CLM-00024_v1.png
CLM-00384,train,Valid Claim,0,cards/train/Valid Claim/CLM-00384_v0.png
CLM-00384,train,Valid Claim,1,cards/train/Valid Claim/CLM-00384_v1.png
CLM-01001,train,Manual Review,0,cards/train/Manual Review/CLM-01001_v0.png
CLM-01001,train,Manual Review,1,cards/train/Manual Review/CLM-01001_v1.png
CLM-01185,train,Manual Review,0,cards/train/Manual Review/CLM-01185_v0.png
CLM-01185,train,Manual Review,1,cards/train/Manual Review/CLM-01185_v1.png
CLM-00406,train,Valid Claim,0,cards/train/Valid Claim/CLM-00406_v0.png
CLM-00406,train,Valid Claim,1,cards/train/Valid Claim/CLM-00406_v1.png
CLM-01170,train,Manual Review,0,cards/train/Manual Review/CLM-01170_v0.png
CLM-01170,train,Manual Review,1,cards/train/Manual Review/CLM-01170_v1.png
CLM-01181,train,Manual Review,0,cards/train/Manual Review/CLM-01181_v0.png
CLM-01181,train,Manual Review,1,cards/train/Manual Review/CLM-01181_v1.png
CLM-00698,train,Invalid Claim,0,cards/train/Invalid Claim/CLM-00698_v0.png
CLM-00698,train,Invalid Claim,1,cards/train/Invalid Claim/CLM-00698_v1.png
CLM-00715,train,Invalid Claim,0,cards/train/Invalid Claim/CLM-00715_v0.png
CLM-00715,train,Invalid Claim,1,cards/train/Invalid Claim/CLM-00715_v1.png
CLM-01161,train,Manual Review,0,cards/train/Manual Review/CLM-01161_v0.png
CLM-01161,train,Manual Review,1,cards/train/Manual Review/CLM-01161_v1.png
CLM-00909,train,Invalid Claim,0,cards/train/Invalid Claim/CLM-00909_v0.png
CLM-00909,train,Invalid Claim,1,cards/train/Invalid Claim/CLM-00909_v1.png
CLM-00645,train,Invalid Claim,0,cards/train/Invalid Claim/CLM-00645_v0.png
CLM-00645,train,Invalid Claim,1,cards/train/Invalid Claim/CLM-00645_v1.png
CLM-00164,train,Valid Claim,0,cards/train/Valid Claim/CLM-00164_v0.png
CLM-00164,train,Valid Claim,1,cards/train/Valid Claim/CLM-00164_v1.png
CLM-01461,train,Manual Review,0,cards/train/Manual Review/CLM-01461_v0.png
CLM-01461,train,Manual Review,1,cards/train/Manual Review/CLM-01461_v1.png
CLM-00439,train,Valid Claim,0,cards/train/Valid Claim/CLM-00439_v0.png
CLM-00439,train,Valid Claim,1,cards/train/Valid Claim/CLM-00439_v1.png
CLM-01485,train,Manual Review,0,cards/train/Manual Review/CLM-01485_v0.png
CLM-01485,train,Manual Review,1,cards/train/Manual Review/CLM-01485_v1.png
CLM-00770,train,Invalid Claim,0,cards/train/Invalid Claim/CLM-00770_v0.png
CLM-00770,train,Invalid Claim,1,cards/train/Invalid Claim/CLM-00770_v1.png
CLM-01246,train,Manual Review,0,cards/train/Manual Review/CLM-01246_v0.png
CLM-01246,train,Manual Review,1,cards/train/Manual Review/CLM-01246_v1.png
CLM-00428,train,Valid Claim,0,cards/train/Valid Claim/CLM-00428_v0.png
CLM-00428,train,Valid Claim,1,cards/train/Valid Claim/CLM-00428_v1.png
CLM-01112,train,Manual Review,0,cards/train/Manual Review/CLM-01112_v0.png
CLM-01112,train,Manual Review,1,cards/train/Manual Review/CLM-01112_v1.png
CLM-00753,train,Invalid Claim,0,cards/train/Invalid Claim/CLM-00753_v0.png
CLM-00753,train,Invalid Claim,1,cards/train/Invalid Claim/CLM-00753_v1.png
CLM-00117,train,Valid Claim,0,cards/train/Valid Claim/CLM-00117_v0.png
CLM-00117,train,Valid Claim,1,cards/train/Valid Claim/CLM-00117_v1.png
CLM-00314,train,Valid Claim,0,cards/train/Valid Claim/CLM-00314_v0.png
CLM-00314,train,Valid Claim,1,cards/train/Valid Claim/CLM-00314_v1.png
CLM-00484,train,Valid Claim,0,cards/train/Valid Claim/CLM-00484_v0.png
CLM-00484,train,Valid Claim,1,cards/train/Valid Claim/CLM-00484_v1.png
CLM-00436,train,Valid Claim,0,cards/train/Valid Claim/CLM-00436_v0.png
CLM-00436,train,Valid Claim,1,cards/train/Valid Claim/CLM-00436_v1.png
CLM-00298,train,Valid Claim,0,cards/train/Valid Claim/CLM-00298_v0.png
CLM-00298,train,Valid Claim,1,cards/train/Valid Claim/CLM-00298_v1.png
CLM-01217,train,Manual Review,0,cards/train/Manual Review/CLM-01217_v0.png
CLM-01217,train,Manual Review,1,cards/train/Manual Review/CLM-01217_v1.png
CLM-00225,train,Valid Claim,0,cards/train/Valid Claim/CLM-00225_v0.png
CLM-00225,train,Valid Claim,1,cards/train/Valid Claim/CLM-00225_v1.png
CLM-00734,train,Invalid Claim,0,cards/train/Invalid Claim/CLM-00734_v0.png
CLM-00734,train,Invalid Claim,1,cards/train/Invalid Claim/CLM-00734_v1.png
CLM-01139,train,Manual Review,0,cards/train/Manual Review/CLM-01139_v0.png
CLM-01139,train,Manual Review,1,cards/train/Manual Review/CLM-01139_v1.png
CLM-00616,train,Invalid Claim,0,cards/train/Invalid Claim/CLM-00616_v0.png
CLM-00616,train,Invalid Claim,1,cards/train/Invalid Claim/CLM-00616_v1.png
CLM-00623,train,Invalid Claim,0,cards/train/Invalid Claim/CLM-00623_v0.png
CLM-00623,train,Invalid Claim,1,cards/train/Invalid Claim/CLM-00623_v1.png
CLM-01067,train,Manual Review,0,cards/train/Manual Review/CLM-01067_v0.png
CLM-01067,train,Manual Review,1,cards/train/Manual Review/CLM-01067_v1.png
CLM-00528,train,Invalid Claim,0,cards/train/Invalid Claim/CLM-00528_v0.png
CLM-00528,train,Invalid Claim,1,cards/train/Invalid Claim/CLM-00528_v1.png
CLM-00129,train,Valid Claim,0,cards/train/Valid Claim/CLM-00129_v0.png
CLM-00129,train,Valid Claim,1,cards/train/Valid Claim/CLM-00129_v1.png
CLM-01093,train,Manual Review,0,cards/train/Manual Review/CLM-01093_v0.png
CLM-01093,train,Manual Review,1,cards/train/Manual Review/CLM-01093_v1.png
CLM-00738,train,Invalid Claim,0,cards/train/Invalid Claim/CLM-00738_v0.png
CLM-00738,train,Invalid Claim,1,cards/train/Invalid Claim/CLM-00738_v1.png
CLM-01149,train,Manual Review,0,cards/train/Manual Review/CLM-01149_v0.png
CLM-01149,train,Manual Review,1,cards/train/Manual Review/CLM-01149_v1.png
CLM-00095,train,Valid Claim,0,cards/train/Valid Claim/CLM-00095_v0.png
CLM-00095,train,Valid Claim,1,cards/train/Valid Claim/CLM-00095_v1.png
CLM-00495,train,Valid Claim,0,cards/train/Valid Claim/CLM-00495_v0.png
CLM-00495,train,Valid Claim,1,cards/train/Valid Claim/CLM-00495_v1.png
CLM-00804,train,Invalid Claim,0,cards/train/Invalid Claim/CLM-00804_v0.png
CLM-00804,train,Invalid Claim,1,cards/train/Invalid Claim/CLM-00804_v1.png
CLM-01285,train,Manual Review,0,cards/train/Manual Review/CLM-01285_v0.png
CLM-01285,train,Manual Review,1,cards/train/Manual Review/CLM-01285_v1.png
CLM-00917,train,Invalid Claim,0,cards/train/Invalid Claim/CLM-00917_v0.png
CLM-00917,train,Invalid Claim,1,cards/train/Invalid Claim/CLM-00917_v1.png
CLM-00077,train,Valid Claim,0,cards/train/Valid Claim/CLM-00077_v0.png
CLM-00077,train,Valid Claim,1,cards/train/Valid Claim/CLM-00077_v1.png
CLM-01114,train,Manual Review,0,cards/train/Manual Review/CLM-01114_v0.png
CLM-01114,train,Manual Review,1,cards/train/Manual Review/CLM-01114_v1.png
CLM-01031,train,Manual Review,0,cards/train/Manual Review/CLM-01031_v0.png
CLM-01031,train,Manual Review,1,cards/train/Manual Review/CLM-01031_v1.png
CLM-00625,train,Invalid Claim,0,cards/train/Invalid Claim/CLM-00625_v0.png
CLM-00625,train,Invalid Claim,1,cards/train/Invalid Claim/CLM-00625_v1.png
CLM-00085,train,Manual Review,0,cards/train/Manual Review/CLM-00085_v0.png
CLM-00085,train,Manual Review,1,cards/train/Manual Review/CLM-00085_v1.png
CLM-01341,train,Valid Claim,0,cards/train/Valid Claim/CLM-01341_v0.png
CLM-01341,train,Valid Claim,1,cards/train/Valid Claim/CLM-01341_v1.png
CLM-01454,train,Manual Review,0,cards/train/Manual Review/CLM-01454_v0.png
CLM-01454,train,Manual Review,1,cards/train/Manual Review/CLM-01454_v1.png
CLM-00755,train,Invalid Claim,0,cards/train/Invalid Claim/CLM-00755_v0.png
CLM-00755,train,Invalid Claim,1,cards/train/Invalid Claim/CLM-00755_v1.png
CLM-00829,train,Invalid Claim,0,cards/train/Invalid Claim/CLM-00829_v0.png
CLM-00829,train,Invalid Claim,1,cards/train/Invalid Claim/CLM-00829_v1.png
CLM-01279,train,Manual Review,0,cards/train/Manual Review/CLM-01279_v0.png
CLM-01279,train,Manual Review,1,cards/train/Manual Review/CLM-01279_v1.png
CLM-00192,train,Valid Claim,0,cards/train/Valid Claim/CLM-00192_v0.png
CLM-00192,train,Valid Claim,1,cards/train/Valid Claim/CLM-00192_v1.png
CLM-01036,train,Manual Review,0,cards/train/Manual Review/CLM-01036_v0.png
CLM-01036,train,Manual Review,1,cards/train/Manual Review/CLM-01036_v1.png
CLM-01154,train,Manual Review,0,cards/train/Manual Review/CLM-01154_v0.png
CLM-01154,train,Manual Review,1,cards/train/Manual Review/CLM-01154_v1.png
CLM-00731,train,Invalid Claim,0,cards/train/Invalid Claim/CLM-00731_v0.png
CLM-00731,train,Invalid Claim,1,cards/train/Invalid Claim/CLM-00731_v1.png
CLM-00226,train,Valid Claim,0,cards/train/Valid Claim/CLM-00226_v0.png
CLM-00226,train,Valid Claim,1,cards/train/Valid Claim/CLM-00226_v1.png
CLM-00122,train,Valid Claim,0,cards/train/Valid Claim/CLM-00122_v0.png
CLM-00122,train,Valid Claim,1,cards/train/Valid Claim/CLM-00122_v1.png
CLM-00166,train,Valid Claim,0,cards/train/Valid Claim/CLM-00166_v0.png
CLM-00166,train,Valid Claim,1,cards/train/Valid Claim/CLM-00166_v1.png
CLM-00130,train,Valid Claim,0,cards/train/Valid Claim/CLM-00130_v0.png
CLM-00130,train,Valid Claim,1,cards/train/Valid Claim/CLM-00130_v1.png
CLM-01400,train,Manual Review,0,cards/train/Manual Review/CLM-01400_v0.png
CLM-01400,train,Manual Review,1,cards/train/Manual Review/CLM-01400_v1.png
CLM-00037,train,Valid Claim,0,cards/train/Valid Claim/CLM-00037_v0.png
CLM-00037,train,Valid Claim,1,cards/train/Valid Claim/CLM-00037_v1.png
CLM-00638,train,Invalid Claim,0,cards/train/Invalid Claim/CLM-00638_v0.png
CLM-00638,train,Invalid Claim,1,cards/train/Invalid Claim/CLM-00638_v1.png
CLM-00888,train,Invalid Claim,0,cards/train/Invalid Claim/CLM-00888_v0.png
CLM-00888,train,Invalid Claim,1,cards/train/Invalid Claim/CLM-00888_v1.png
CLM-01142,train,Manual Review,0,cards/train/Manual Review/CLM-01142_v0.png
CLM-01142,train,Manual Review,1,cards/train/Manual Review/CLM-01142_v1.png
CLM-00049,train,Valid Claim,0,cards/train/Valid Claim/CLM-00049_v0.png
CLM-00049,train,Valid Claim,1,cards/train/Valid Claim/CLM-00049_v1.png
CLM-00407,train,Valid Claim,0,cards/train/Valid Claim/CLM-00407_v0.png
CLM-00407,train,Valid Claim,1,cards/train/Valid Claim/CLM-00407_v1.png
CLM-01005,train,Manual Review,0,cards/train/Manual Review/CLM-01005_v0.png
CLM-01005,train,Manual Review,1,cards/train/Manual Review/CLM-01005_v1.png
CLM-00654,train,Invalid Claim,0,cards/train/Invalid Claim/CLM-00654_v0.png
CLM-00654,train,Invalid Claim,1,cards/train/Invalid Claim/CLM-00654_v1.png
CLM-01042,train,Manual Review,0,cards/train/Manual Review/CLM-01042_v0.png
CLM-01042,train,Manual Review,1,cards/train/Manual Review/CLM-01042_v1.png
CLM-00416,train,Valid Claim,0,cards/train/Valid Claim/CLM-00416_v0.png
CLM-00416,train,Valid Claim,1,cards/train/Valid Claim/CLM-00416_v1.png
CLM-00664,train,Invalid Claim,0,cards/train/Invalid Claim/CLM-00664_v0.png
CLM-00664,train,Invalid Claim,1,cards/train/Invalid Claim/CLM-00664_v1.png
CLM-00657,train,Invalid Claim,0,cards/train/Invalid Claim/CLM-00657_v0.png
CLM-00657,train,Invalid Claim,1,cards/train/Invalid Claim/CLM-00657_v1.png
CLM-00363,train,Valid Claim,0,cards/train/Valid Claim/CLM-00363_v0.png
CLM-00363,train,Valid Claim,1,cards/train/Valid Claim/CLM-00363_v1.png
CLM-00427,train,Valid Claim,0,cards/train/Valid Claim/CLM-00427_v0.png
CLM-00427,train,Valid Claim,1,cards/train/Valid Claim/CLM-00427_v1.png
CLM-00118,train,Valid Claim,0,cards/train/Valid Claim/CLM-00118_v0.png
CLM-00118,train,Valid Claim,1,cards/train/Valid Claim/CLM-00118_v1.png
CLM-00810,train,Invalid Claim,0,cards/train/Invalid Claim/CLM-00810_v0.png
CLM-00810,train,Invalid Claim,1,cards/train/Invalid Claim/CLM-00810_v1.png
CLM-01316,train,Manual Review,0,cards/train/Manual Review/CLM-01316_v0.png
CLM-01316,train,Manual Review,1,cards/train/Manual Review/CLM-01316_v1.png
CLM-00898,train,Invalid Claim,0,cards/train/Invalid Claim/CLM-00898_v0.png
CLM-00898,train,Invalid Claim,1,cards/train/Invalid Claim/CLM-00898_v1.png
CLM-01281,train,Manual Review,0,cards/train/Manual Review/CLM-01281_v0.png
CLM-01281,train,Manual Review,1,cards/train/Manual Review/CLM-01281_v1.png
CLM-00221,train,Valid Claim,0,cards/train/Valid Claim/CLM-00221_v0.png
CLM-00221,train,Valid Claim,1,cards/train/Valid Claim/CLM-00221_v1.png
CLM-00525,train,Invalid Claim,0,cards/train/Invalid Claim/CLM-00525_v0.png
CLM-00525,train,Invalid Claim,1,cards/train/Invalid Claim/CLM-00525_v1.png
CLM-00506,train,Invalid Claim,0,cards/train/Invalid Claim/CLM-00506_v0.png
CLM-00506,train,Invalid Claim,1,cards/train/Invalid Claim/CLM-00506_v1.png
CLM-00643,train,Manual Review,0,cards/train/Manual Review/CLM-00643_v0.png
CLM-00643,train,Manual Review,1,cards/train/Manual Review/CLM-00643_v1.png
CLM-00498,train,Valid Claim,0,cards/train/Valid Claim/CLM-00498_v0.png
CLM-00498,train,Valid Claim,1,cards/train/Valid Claim/CLM-00498_v1.png
CLM-01126,train,Manual Review,0,cards/train/Manual Review/CLM-01126_v0.png
CLM-01126,train,Manual Review,1,cards/train/Manual Review/CLM-01126_v1.png
CLM-00763,train,Invalid Claim,0,cards/train/Invalid Claim/CLM-00763_v0.png
CLM-00763,train,Invalid Claim,1,cards/train/Invalid Claim/CLM-00763_v1.png
CLM-00593,train,Invalid Claim,0,cards/train/Invalid Claim/CLM-00593_v0.png
CLM-00593,train,Invalid Claim,1,cards/train/Invalid Claim/CLM-00593_v1.png
CLM-00029,train,Valid Claim,0,cards/train/Valid Claim/CLM-00029_v0.png
CLM-00029,train,Valid Claim,1,cards/train/Valid Claim/CLM-00029_v1.png
CLM-00446,train,Valid Claim,0,cards/train/Valid Claim/CLM-00446_v0.png
CLM-00446,train,Valid Claim,1,cards/train/Valid Claim/CLM-00446_v1.png
CLM-00393,train,Valid Claim,0,cards/train/Valid Claim/CLM-00393_v0.png
CLM-00393,train,Valid Claim,1,cards/train/Valid Claim/CLM-00393_v1.png
CLM-01159,train,Manual Review,0,cards/train/Manual Review/CLM-01159_v0.png
CLM-01159,train,Manual Review,1,cards/train/Manual Review/CLM-01159_v1.png
CLM-01325,train,Manual Review,0,cards/train/Manual Review/CLM-01325_v0.png
CLM-01325,train,Manual Review,1,cards/train/Manual Review/CLM-01325_v1.png
CLM-01314,train,Manual Review,0,cards/train/Manual Review/CLM-01314_v0.png
CLM-01314,train,Manual Review,1,cards/train/Manual Review/CLM-01314_v1.png
CLM-00505,train,Invalid Claim,0,cards/train/Invalid Claim/CLM-00505_v0.png
CLM-00505,train,Invalid Claim,1,cards/train/Invalid Claim/CLM-00505_v1.png
CLM-01066,train,Manual Review,0,cards/train/Manual Review/CLM-01066_v0.png
CLM-01066,train,Manual Review,1,cards/train/Manual Review/CLM-01066_v1.png
CLM-00604,train,Invalid Claim,0,cards/train/Invalid Claim/CLM-00604_v0.png
CLM-00604,train,Invalid Claim,1,cards/train/Invalid Claim/CLM-00604_v1.png
CLM-00633,train,Invalid Claim,0,cards/train/Invalid Claim/CLM-00633_v0.png
CLM-00633,train,Invalid Claim,1,cards/train/Invalid Claim/CLM-00633_v1.png
CLM-00918,train,Invalid Claim,0,cards/train/Invalid Claim/CLM-00918_v0.png
CLM-00918,train,Invalid Claim,1,cards/train/Invalid Claim/CLM-00918_v1.png
CLM-01164,train,Manual Review,0,cards/train/Manual Review/CLM-01164_v0.png
CLM-01164,train,Manual Review,1,cards/train/Manual Review/CLM-01164_v1.png
CLM-00861,train,Invalid Claim,0,cards/train/Invalid Claim/CLM-00861_v0.png
CLM-00861,train,Invalid Claim,1,cards/train/Invalid Claim/CLM-00861_v1.png
CLM-01195,train,Manual Review,0,cards/train/Manual Review/CLM-01195_v0.png
CLM-01195,train,Manual Review,1,cards/train/Manual Review/CLM-01195_v1.png
CLM-01065,train,Manual Review,0,cards/train/Manual Review/CLM-01065_v0.png
CLM-01065,train,Manual Review,1,cards/train/Manual Review/CLM-01065_v1.png
CLM-00425,train,Valid Claim,0,cards/train/Valid Claim/CLM-00425_v0.png
CLM-00425,train,Valid Claim,1,cards/train/Valid Claim/CLM-00425_v1.png
CLM-00070,train,Valid Claim,0,cards/train/Valid Claim/CLM-00070_v0.png
CLM-00070,train,Valid Claim,1,cards/train/Valid Claim/CLM-00070_v1.png
CLM-00131,train,Valid Claim,0,cards/train/Valid Claim/CLM-00131_v0.png
CLM-00131,train,Valid Claim,1,cards/train/Valid Claim/CLM-00131_v1.png
CLM-00866,train,Invalid Claim,0,cards/train/Invalid Claim/CLM-00866_v0.png
CLM-00866,train,Invalid Claim,1,cards/train/Invalid Claim/CLM-00866_v1.png
CLM-00452,train,Valid Claim,0,cards/train/Valid Claim/CLM-00452_v0.png
CLM-00452,train,Valid Claim,1,cards/train/Valid Claim/CLM-00452_v1.png
CLM-00190,train,Valid Claim,0,cards/train/Valid Claim/CLM-00190_v0.png
CLM-00190,train,Valid Claim,1,cards/train/Valid Claim/CLM-00190_v1.png
CLM-00047,train,Valid Claim,0,cards/train/Valid Claim/CLM-00047_v0.png
CLM-00047,train,Valid Claim,1,cards/train/Valid Claim/CLM-00047_v1.png
CLM-00856,train,Invalid Claim,0,cards/train/Invalid Claim/CLM-00856_v0.png
CLM-00856,train,Invalid Claim,1,cards/train/Invalid Claim/CLM-00856_v1.png
CLM-01321,train,Manual Review,0,cards/train/Manual Review/CLM-01321_v0.png
CLM-01321,train,Manual Review,1,cards/train/Manual Review/CLM-01321_v1.png
CLM-00537,train,Invalid Claim,0,cards/train/Invalid Claim/CLM-00537_v0.png
CLM-00537,train,Invalid Claim,1,cards/train/Invalid Claim/CLM-00537_v1.png
CLM-01418,train,Manual Review,0,cards/train/Manual Review/CLM-01418_v0.png
CLM-01418,train,Manual Review,1,cards/train/Manual Review/CLM-01418_v1.png
CLM-00687,train,Invalid Claim,0,cards/train/Invalid Claim/CLM-00687_v0.png
CLM-00687,train,Invalid Claim,1,cards/train/Invalid Claim/CLM-00687_v1.png
CLM-01409,train,Manual Review,0,cards/train/Manual Review/CLM-01409_v0.png
CLM-01409,train,Manual Review,1,cards/train/Manual Review/CLM-01409_v1.png
CLM-00108,train,Valid Claim,0,cards/train/Valid Claim/CLM-00108_v0.png
CLM-00108,train,Valid Claim,1,cards/train/Valid Claim/CLM-00108_v1.png
CLM-01363,train,Manual Review,0,cards/train/Manual Review/CLM-01363_v0.png
CLM-01363,train,Manual Review,1,cards/train/Manual Review/CLM-01363_v1.png
CLM-00778,train,Invalid Claim,0,cards/train/Invalid Claim/CLM-00778_v0.png
CLM-00778,train,Invalid Claim,1,cards/train/Invalid Claim/CLM-00778_v1.png
CLM-01064,train,Manual Review,0,cards/train/Manual Review/CLM-01064_v0.png
CLM-01064,train,Manual Review,1,cards/train/Manual Review/CLM-01064_v1.png
CLM-00328,train,Valid Claim,0,cards/train/Valid Claim/CLM-00328_v0.png
CLM-00328,train,Valid Claim,1,cards/train/Valid Claim/CLM-00328_v1.png
CLM-01215,train,Manual Review,0,cards/train/Manual Review/CLM-01215_v0.png
CLM-01215,train,Manual Review,1,cards/train/Manual Review/CLM-01215_v1.png
CLM-00463,train,Valid Claim,0,cards/train/Valid Claim/CLM-00463_v0.png
CLM-00463,train,Valid Claim,1,cards/train/Valid Claim/CLM-00463_v1.png
CLM-00788,train,Invalid Claim,0,cards/train/Invalid Claim/CLM-00788_v0.png
CLM-00788,train,Invalid Claim,1,cards/train/Invalid Claim/CLM-00788_v1.png
CLM-00111,train,Valid Claim,0,cards/train/Valid Claim/CLM-00111_v0.png
CLM-00111,train,Valid Claim,1,cards/train/Valid Claim/CLM-00111_v1.png
CLM-00440,train,Valid Claim,0,cards/train/Valid Claim/CLM-00440_v0.png
CLM-00440,train,Valid Claim,1,cards/train/Valid Claim/CLM-00440_v1.png
CLM-00507,train,Invalid Claim,0,cards/train/Invalid Claim/CLM-00507_v0.png
CLM-00507,train,Invalid Claim,1,cards/train/Invalid Claim/CLM-00507_v1.png
CLM-00847,train,Invalid Claim,0,cards/train/Invalid Claim/CLM-00847_v0.png
CLM-00847,train,Invalid Claim,1,cards/train/Invalid Claim/CLM-00847_v1.png
CLM-01270,train,Manual Review,0,cards/train/Manual Review/CLM-01270_v0.png
CLM-01270,train,Manual Review,1,cards/train/Manual Review/CLM-01270_v1.png
CLM-00835,train,Invalid Claim,0,cards/train/Invalid Claim/CLM-00835_v0.png
CLM-00835,train,Invalid Claim,1,cards/train/Invalid Claim/CLM-00835_v1.png
CLM-00891,train,Invalid Claim,0,cards/train/Invalid Claim/CLM-00891_v0.png
CLM-00891,train,Invalid Claim,1,cards/train/Invalid Claim/CLM-00891_v1.png
CLM-00145,train,Valid Claim,0,cards/train/Valid Claim/CLM-00145_v0.png
CLM-00145,train,Valid Claim,1,cards/train/Valid Claim/CLM-00145_v1.png
CLM-01177,train,Manual Review,0,cards/train/Manual Review/CLM-01177_v0.png
CLM-01177,train,Manual Review,1,cards/train/Manual Review/CLM-01177_v1.png
CLM-00794,train,Invalid Claim,0,cards/train/Invalid Claim/CLM-00794_v0.png
CLM-00794,train,Invalid Claim,1,cards/train/Invalid Claim/CLM-00794_v1.png
CLM-00776,train,Invalid Claim,0,cards/train/Invalid Claim/CLM-00776_v0.png
CLM-00776,train,Invalid Claim,1,cards/train/Invalid Claim/CLM-00776_v1.png
CLM-00191,train,Valid Claim,0,cards/train/Valid Claim/CLM-00191_v0.png
CLM-00191,train,Valid Claim,1,cards/train/Valid Claim/CLM-00191_v1.png
CLM-00342,train,Valid Claim,0,cards/train/Valid Claim/CLM-00342_v0.png
CLM-00342,train,Valid Claim,1,cards/train/Valid Claim/CLM-00342_v1.png
CLM-01364,train,Valid Claim,0,cards/train/Valid Claim/CLM-01364_v0.png
CLM-01364,train,Valid Claim,1,cards/train/Valid Claim/CLM-01364_v1.png
CLM-00160,train,Valid Claim,0,cards/train/Valid Claim/CLM-00160_v0.png
CLM-00160,train,Valid Claim,1,cards/train/Valid Claim/CLM-00160_v1.png
CLM-00249,train,Valid Claim,0,cards/train/Valid Claim/CLM-00249_v0.png
CLM-00249,train,Valid Claim,1,cards/train/Valid Claim/CLM-00249_v1.png
CLM-00296,train,Valid Claim,0,cards/train/Valid Claim/CLM-00296_v0.png
CLM-00296,train,Valid Claim,1,cards/train/Valid Claim/CLM-00296_v1.png
CLM-01413,train,Manual Review,0,cards/train/Manual Review/CLM-01413_v0.png
CLM-01413,train,Manual Review,1,cards/train/Manual Review/CLM-01413_v1.png
CLM-00510,train,Invalid Claim,0,cards/train/Invalid Claim/CLM-00510_v0.png
CLM-00510,train,Invalid Claim,1,cards/train/Invalid Claim/CLM-00510_v1.png
CLM-00064,train,Valid Claim,0,cards/train/Valid Claim/CLM-00064_v0.png
CLM-00064,train,Valid Claim,1,cards/train/Valid Claim/CLM-00064_v1.png
CLM-00607,train,Invalid Claim,0,cards/train/Invalid Claim/CLM-00607_v0.png
CLM-00607,train,Invalid Claim,1,cards/train/Invalid Claim/CLM-00607_v1.png
CLM-00278,train,Invalid Claim,0,cards/train/Invalid Claim/CLM-00278_v0.png
CLM-00278,train,Invalid Claim,1,cards/train/Invalid Claim/CLM-00278_v1.png
CLM-00806,train,Invalid Claim,0,cards/train/Invalid Claim/CLM-00806_v0.png
CLM-00806,train,Invalid Claim,1,cards/train/Invalid Claim/CLM-00806_v1.png
CLM-01429,train,Invalid Claim,0,cards/train/Invalid Claim/CLM-01429_v0.png
CLM-01429,train,Invalid Claim,1,cards/train/Invalid Claim/CLM-01429_v1.png
CLM-00079,train,Valid Claim,0,cards/train/Valid Claim/CLM-00079_v0.png
CLM-00079,train,Valid Claim,1,cards/train/Valid Claim/CLM-00079_v1.png
CLM-01235,train,Manual Review,0,cards/train/Manual Review/CLM-01235_v0.png
CLM-01235,train,Manual Review,1,cards/train/Manual Review/CLM-01235_v1.png
CLM-00424,train,Valid Claim,0,cards/train/Valid Claim/CLM-00424_v0.png
CLM-00424,train,Valid Claim,1,cards/train/Valid Claim/CLM-00424_v1.png
CLM-00993,train,Invalid Claim,0,cards/train/Invalid Claim/CLM-00993_v0.png
CLM-00993,train,Invalid Claim,1,cards/train/Invalid Claim/CLM-00993_v1.png
CLM-00021,train,Valid Claim,0,cards/train/Valid Claim/CLM-00021_v0.png
CLM-00021,train,Valid Claim,1,cards/train/Valid Claim/CLM-00021_v1.png
CLM-01070,train,Manual Review,0,cards/train/Manual Review/CLM-01070_v0.png
CLM-01070,train,Manual Review,1,cards/train/Manual Review/CLM-01070_v1.png
CLM-00578,train,Invalid Claim,0,cards/train/Invalid Claim/CLM-00578_v0.png
CLM-00578,train,Invalid Claim,1,cards/train/Invalid Claim/CLM-00578_v1.png
CLM-00199,train,Valid Claim,0,cards/train/Valid Claim/CLM-00199_v0.png
CLM-00199,train,Valid Claim,1,cards/train/Valid Claim/CLM-00199_v1.png
CLM-00595,train,Invalid Claim,0,cards/train/Invalid Claim/CLM-00595_v0.png
CLM-00595,train,Invalid Claim,1,cards/train/Invalid Claim/CLM-00595_v1.png
CLM-00588,train,Invalid Claim,0,cards/train/Invalid Claim/CLM-00588_v0.png
CLM-00588,train,Invalid Claim,1,cards/train/Invalid Claim/CLM-00588_v1.png
CLM-01228,train,Manual Review,0,cards/train/Manual Review/CLM-01228_v0.png
CLM-01228,train,Manual Review,1,cards/train/Manual Review/CLM-01228_v1.png
CLM-00915,train,Invalid Claim,0,cards/train/Invalid Claim/CLM-00915_v0.png
CLM-00915,train,Invalid Claim,1,cards/train/Invalid Claim/CLM-00915_v1.png
CLM-00557,train,Invalid Claim,0,cards/train/Invalid Claim/CLM-00557_v0.png
CLM-00557,train,Invalid Claim,1,cards/train/Invalid Claim/CLM-00557_v1.png
CLM-00517,train,Invalid Claim,0,cards/train/Invalid Claim/CLM-00517_v0.png
CLM-00517,train,Invalid Claim,1,cards/train/Invalid Claim/CLM-00517_v1.png
CLM-00860,train,Invalid Claim,0,cards/train/Invalid Claim/CLM-00860_v0.png
CLM-00860,train,Invalid Claim,1,cards/train/Invalid Claim/CLM-00860_v1.png
CLM-00699,train,Invalid Claim,0,cards/train/Invalid Claim/CLM-00699_v0.png
CLM-00699,train,Invalid Claim,1,cards/train/Invalid Claim/CLM-00699_v1.png
CLM-00001,train,Valid Claim,0,cards/train/Valid Claim/CLM-00001_v0.png
CLM-00001,train,Valid Claim,1,cards/train/Valid Claim/CLM-00001_v1.png
CLM-01167,train,Manual Review,0,cards/train/Manual Review/CLM-01167_v0.png
CLM-01167,train,Manual Review,1,cards/train/Manual Review/CLM-01167_v1.png
CLM-01306,train,Manual Review,0,cards/train/Manual Review/CLM-01306_v0.png
CLM-01306,train,Manual Review,1,cards/train/Manual Review/CLM-01306_v1.png
CLM-01030,train,Manual Review,0,cards/train/Manual Review/CLM-01030_v0.png
CLM-01030,train,Manual Review,1,cards/train/Manual Review/CLM-01030_v1.png
CLM-00310,train,Valid Claim,0,cards/train/Valid Claim/CLM-00310_v0.png
CLM-00310,train,Valid Claim,1,cards/train/Valid Claim/CLM-00310_v1.png
CLM-00414,train,Valid Claim,0,cards/train/Valid Claim/CLM-00414_v0.png
CLM-00414,train,Valid Claim,1,cards/train/Valid Claim/CLM-00414_v1.png
CLM-00240,train,Valid Claim,0,cards/train/Valid Claim/CLM-00240_v0.png
CLM-00240,train,Valid Claim,1,cards/train/Valid Claim/CLM-00240_v1.png
CLM-01410,train,Manual Review,0,cards/train/Manual Review/CLM-01410_v0.png
CLM-01410,train,Manual Review,1,cards/train/Manual Review/CLM-01410_v1.png
CLM-01146,train,Manual Review,0,cards/train/Manual Review/CLM-01146_v0.png
CLM-01146,train,Manual Review,1,cards/train/Manual Review/CLM-01146_v1.png
CLM-00413,train,Valid Claim,0,cards/train/Valid Claim/CLM-00413_v0.png
CLM-00413,train,Valid Claim,1,cards/train/Valid Claim/CLM-00413_v1.png
CLM-00757,train,Invalid Claim,0,cards/train/Invalid Claim/CLM-00757_v0.png
CLM-00757,train,Invalid Claim,1,cards/train/Invalid Claim/CLM-00757_v1.png
CLM-01387,train,Manual Review,0,cards/train/Manual Review/CLM-01387_v0.png
CLM-01387,train,Manual Review,1,cards/train/Manual Review/CLM-01387_v1.png
CLM-01349,train,Manual Review,0,cards/train/Manual Review/CLM-01349_v0.png
CLM-01349,train,Manual Review,1,cards/train/Manual Review/CLM-01349_v1.png
CLM-00459,train,Valid Claim,0,cards/train/Valid Claim/CLM-00459_v0.png
CLM-00459,train,Valid Claim,1,cards/train/Valid Claim/CLM-00459_v1.png
CLM-00058,train,Valid Claim,0,cards/train/Valid Claim/CLM-00058_v0.png
CLM-00058,train,Valid Claim,1,cards/train/Valid Claim/CLM-00058_v1.png
CLM-00509,train,Invalid Claim,0,cards/train/Invalid Claim/CLM-00509_v0.png
CLM-00509,train,Invalid Claim,1,cards/train/Invalid Claim/CLM-00509_v1.png
CLM-00740,train,Invalid Claim,0,cards/train/Invalid Claim/CLM-00740_v0.png
CLM-00740,train,Invalid Claim,1,cards/train/Invalid Claim/CLM-00740_v1.png
CLM-01141,train,Manual Review,0,cards/train/Manual Review/CLM-01141_v0.png
CLM-01141,train,Manual Review,1,cards/train/Manual Review/CLM-01141_v1.png
CLM-00483,train,Valid Claim,0,cards/train/Valid Claim/CLM-00483_v0.png
CLM-00483,train,Valid Claim,1,cards/train/Valid Claim/CLM-00483_v1.png
CLM-00637,train,Invalid Claim,0,cards/train/Invalid Claim/CLM-00637_v0.png
CLM-00637,train,Invalid Claim,1,cards/train/Invalid Claim/CLM-00637_v1.png
CLM-00344,train,Valid Claim,0,cards/train/Valid Claim/CLM-00344_v0.png
CLM-00344,train,Valid Claim,1,cards/train/Valid Claim/CLM-00344_v1.png
CLM-00135,train,Valid Claim,0,cards/train/Valid Claim/CLM-00135_v0.png
CLM-00135,train,Valid Claim,1,cards/train/Valid Claim/CLM-00135_v1.png
CLM-00491,val,Valid Claim,1,cards/val/Valid Claim/CLM-00491_v1.png
CLM-00834,val,Invalid Claim,1,cards/val/Invalid Claim/CLM-00834_v1.png
CLM-00937,val,Invalid Claim,1,cards/val/Invalid Claim/CLM-00937_v1.png
CLM-00785,val,Invalid Claim,1,cards/val/Invalid Claim/CLM-00785_v1.png
CLM-00103,val,Valid Claim,1,cards/val/Valid Claim/CLM-00103_v1.png
CLM-01162,val,Manual Review,1,cards/val/Manual Review/CLM-01162_v1.png
CLM-00704,val,Invalid Claim,1,cards/val/Invalid Claim/CLM-00704_v1.png
CLM-00431,val,Valid Claim,1,cards/val/Valid Claim/CLM-00431_v1.png
CLM-00282,val,Valid Claim,1,cards/val/Valid Claim/CLM-00282_v1.png
CLM-00630,val,Invalid Claim,1,cards/val/Invalid Claim/CLM-00630_v1.png
CLM-00139,val,Valid Claim,1,cards/val/Valid Claim/CLM-00139_v1.png
CLM-00091,val,Valid Claim,1,cards/val/Valid Claim/CLM-00091_v1.png
CLM-01259,val,Manual Review,1,cards/val/Manual Review/CLM-01259_v1.png
CLM-00488,val,Valid Claim,1,cards/val/Valid Claim/CLM-00488_v1.png
CLM-00783,val,Invalid Claim,1,cards/val/Invalid Claim/CLM-00783_v1.png
CLM-00761,val,Invalid Claim,1,cards/val/Invalid Claim/CLM-00761_v1.png
CLM-00945,val,Invalid Claim,1,cards/val/Invalid Claim/CLM-00945_v1.png
CLM-00291,val,Valid Claim,1,cards/val/Valid Claim/CLM-00291_v1.png
CLM-01176,val,Manual Review,1,cards/val/Manual Review/CLM-01176_v1.png
CLM-00546,val,Invalid Claim,1,cards/val/Invalid Claim/CLM-00546_v1.png
CLM-00343,val,Valid Claim,1,cards/val/Valid Claim/CLM-00343_v1.png
CLM-00786,val,Invalid Claim,1,cards/val/Invalid Claim/CLM-00786_v1.png
CLM-00686,val,Invalid Claim,1,cards/val/Invalid Claim/CLM-00686_v1.png
CLM-00879,val,Invalid Claim,1,cards/val/Invalid Claim/CLM-00879_v1.png
CLM-00712,val,Invalid Claim,1,cards/val/Invalid Claim/CLM-00712_v1.png
CLM-01445,val,Manual Review,1,cards/val/Manual Review/CLM-01445_v1.png
CLM-01482,val,Manual Review,1,cards/val/Manual Review/CLM-01482_v1.png
CLM-00383,val,Valid Claim,1,cards/val/Valid Claim/CLM-00383_v1.png
CLM-00170,val,Valid Claim,1,cards/val/Valid Claim/CLM-00170_v1.png
CLM-01057,val,Manual Review,1,cards/val/Manual Review/CLM-01057_v1.png
CLM-00634,val,Invalid Claim,1,cards/val/Invalid Claim/CLM-00634_v1.png
CLM-01193,val,Manual Review,1,cards/val/Manual Review/CLM-01193_v1.png
CLM-00580,val,Invalid Claim,1,cards/val/Invalid Claim/CLM-00580_v1.png
CLM-01367,val,Manual Review,1,cards/val/Manual Review/CLM-01367_v1.png
CLM-01250,val,Manual Review,1,cards/val/Manual Review/CLM-01250_v1.png
CLM-00026,val,Valid Claim,1,cards/val/Valid Claim/CLM-00026_v1.png
CLM-00242,val,Valid Claim,1,cards/val/Valid Claim/CLM-00242_v1.png
CLM-00887,val,Invalid Claim,1,cards/val/Invalid Claim/CLM-00887_v1.png
CLM-00775,val,Invalid Claim,1,cards/val/Invalid Claim/CLM-00775_v1.png
CLM-01310,val,Manual Review,1,cards/val/Manual Review/CLM-01310_v1.png
CLM-01351,val,Manual Review,1,cards/val/Manual Review/CLM-01351_v1.png
CLM-01377,val,Manual Review,1,cards/val/Manual Review/CLM-01377_v1.png
CLM-01160,val,Manual Review,1,cards/val/Manual Review/CLM-01160_v1.png
CLM-00081,val,Valid Claim,1,cards/val/Valid Claim/CLM-00081_v1.png
CLM-00005,val,Valid Claim,1,cards/val/Valid Claim/CLM-00005_v1.png
CLM-01029,val,Manual Review,1,cards/val/Manual Review/CLM-01029_v1.png
CLM-00583,val,Invalid Claim,1,cards/val/Invalid Claim/CLM-00583_v1.png
CLM-00309,val,Valid Claim,1,cards/val/Valid Claim/CLM-00309_v1.png
CLM-01381,val,Manual Review,1,cards/val/Manual Review/CLM-01381_v1.png
CLM-00606,val,Valid Claim,1,cards/val/Valid Claim/CLM-00606_v1.png
CLM-00930,val,Invalid Claim,1,cards/val/Invalid Claim/CLM-00930_v1.png
CLM-00020,val,Valid Claim,1,cards/val/Valid Claim/CLM-00020_v1.png
CLM-00329,val,Valid Claim,1,cards/val/Valid Claim/CLM-00329_v1.png
CLM-00272,val,Valid Claim,1,cards/val/Valid Claim/CLM-00272_v1.png
CLM-00371,val,Valid Claim,1,cards/val/Valid Claim/CLM-00371_v1.png
CLM-00104,val,Valid Claim,1,cards/val/Valid Claim/CLM-00104_v1.png
CLM-00120,val,Valid Claim,1,cards/val/Valid Claim/CLM-00120_v1.png
CLM-00642,val,Invalid Claim,1,cards/val/Invalid Claim/CLM-00642_v1.png
CLM-00527,val,Invalid Claim,1,cards/val/Invalid Claim/CLM-00527_v1.png
CLM-00966,val,Invalid Claim,1,cards/val/Invalid Claim/CLM-00966_v1.png
CLM-00826,val,Invalid Claim,1,cards/val/Invalid Claim/CLM-00826_v1.png
CLM-01201,val,Manual Review,1,cards/val/Manual Review/CLM-01201_v1.png
CLM-00027,val,Valid Claim,1,cards/val/Valid Claim/CLM-00027_v1.png
CLM-01017,val,Manual Review,1,cards/val/Manual Review/CLM-01017_v1.png
CLM-01500,val,Manual Review,1,cards/val/Manual Review/CLM-01500_v1.png
CLM-00610,val,Invalid Claim,1,cards/val/Invalid Claim/CLM-00610_v1.png
CLM-00662,val,Invalid Claim,1,cards/val/Invalid Claim/CLM-00662_v1.png
CLM-00859,val,Invalid Claim,1,cards/val/Invalid Claim/CLM-00859_v1.png
CLM-00031,val,Valid Claim,1,cards/val/Valid Claim/CLM-00031_v1.png
CLM-00914,val,Invalid Claim,1,cards/val/Invalid Claim/CLM-00914_v1.png
CLM-00069,val,Valid Claim,1,cards/val/Valid Claim/CLM-00069_v1.png
CLM-00046,val,Valid Claim,1,cards/val/Valid Claim/CLM-00046_v1.png
CLM-01151,val,Manual Review,1,cards/val/Manual Review/CLM-01151_v1.png
CLM-00233,val,Valid Claim,1,cards/val/Valid Claim/CLM-00233_v1.png
CLM-00125,val,Valid Claim,1,cards/val/Valid Claim/CLM-00125_v1.png
CLM-01292,val,Manual Review,1,cards/val/Manual Review/CLM-01292_v1.png
CLM-00214,val,Valid Claim,1,cards/val/Valid Claim/CLM-00214_v1.png
CLM-00889,val,Invalid Claim,1,cards/val/Invalid Claim/CLM-00889_v1.png
CLM-00327,val,Valid Claim,1,cards/val/Valid Claim/CLM-00327_v1.png
CLM-00335,val,Valid Claim,1,cards/val/Valid Claim/CLM-00335_v1.png
CLM-00978,val,Invalid Claim,1,cards/val/Invalid Claim/CLM-00978_v1.png
CLM-01398,val,Invalid Claim,1,cards/val/Invalid Claim/CLM-01398_v1.png
CLM-00451,val,Valid Claim,1,cards/val/Valid Claim/CLM-00451_v1.png
CLM-00787,val,Invalid Claim,1,cards/val/Invalid Claim/CLM-00787_v1.png
CLM-01428,val,Manual Review,1,cards/val/Manual Review/CLM-01428_v1.png
CLM-00812,val,Invalid Claim,1,cards/val/Invalid Claim/CLM-00812_v1.png
CLM-01293,val,Manual Review,1,cards/val/Manual Review/CLM-01293_v1.png
CLM-01197,val,Manual Review,1,cards/val/Manual Review/CLM-01197_v1.png
CLM-01278,val,Manual Review,1,cards/val/Manual Review/CLM-01278_v1.png
CLM-01284,val,Manual Review,1,cards/val/Manual Review/CLM-01284_v1.png
CLM-00605,val,Invalid Claim,1,cards/val/Invalid Claim/CLM-00605_v1.png
CLM-01236,val,Manual Review,1,cards/val/Manual Review/CLM-01236_v1.png
CLM-00851,val,Invalid Claim,1,cards/val/Invalid Claim/CLM-00851_v1.png
CLM-00533,val,Invalid Claim,1,cards/val/Invalid Claim/CLM-00533_v1.png
CLM-00954,val,Invalid Claim,1,cards/val/Invalid Claim/CLM-00954_v1.png
CLM-01436,val,Valid Claim,1,cards/val/Valid Claim/CLM-01436_v1.png
CLM-00473,val,Invalid Claim,1,cards/val/Invalid Claim/CLM-00473_v1.png
CLM-00461,val,Valid Claim,1,cards/val/Valid Claim/CLM-00461_v1.png
CLM-01463,val,Manual Review,1,cards/val/Manual Review/CLM-01463_v1.png
CLM-00110,val,Valid Claim,1,cards/val/Valid Claim/CLM-00110_v1.png
CLM-01385,val,Manual Review,1,cards/val/Manual Review/CLM-01385_v1.png
CLM-00331,val,Valid Claim,1,cards/val/Valid Claim/CLM-00331_v1.png
CLM-01390,val,Manual Review,1,cards/val/Manual Review/CLM-01390_v1.png
CLM-00932,val,Invalid Claim,1,cards/val/Invalid Claim/CLM-00932_v1.png
CLM-01254,val,Manual Review,1,cards/val/Manual Review/CLM-01254_v1.png
CLM-01231,val,Manual Review,1,cards/val/Manual Review/CLM-01231_v1.png
CLM-01346,val,Manual Review,1,cards/val/Manual Review/CLM-01346_v1.png
CLM-00357,val,Valid Claim,1,cards/val/Valid Claim/CLM-00357_v1.png
CLM-00253,val,Valid Claim,1,cards/val/Valid Claim/CLM-00253_v1.png
CLM-00790,val,Valid Claim,1,cards/val/Valid Claim/CLM-00790_v1.png
CLM-00244,val,Valid Claim,1,cards/val/Valid Claim/CLM-00244_v1.png
CLM-00415,val,Valid Claim,1,cards/val/Valid Claim/CLM-00415_v1.png
CLM-01403,val,Manual Review,1,cards/val/Manual Review/CLM-01403_v1.png
CLM-01439,val,Manual Review,1,cards/val/Manual Review/CLM-01439_v1.png
CLM-01277,val,Manual Review,1,cards/val/Manual Review/CLM-01277_v1.png
CLM-01194,val,Manual Review,1,cards/val/Manual Review/CLM-01194_v1.png
CLM-01280,val,Manual Review,1,cards/val/Manual Review/CLM-01280_v1.png
CLM-00706,val,Invalid Claim,1,cards/val/Invalid Claim/CLM-00706_v1.png
CLM-00276,val,Valid Claim,1,cards/val/Valid Claim/CLM-00276_v1.png
CLM-00717,val,Invalid Claim,1,cards/val/Invalid Claim/CLM-00717_v1.png
CLM-00132,val,Valid Claim,1,cards/val/Valid Claim/CLM-00132_v1.png
CLM-00209,val,Valid Claim,1,cards/val/Valid Claim/CLM-00209_v1.png
CLM-00401,val,Valid Claim,1,cards/val/Valid Claim/CLM-00401_v1.png
CLM-01019,val,Manual Review,1,cards/val/Manual Review/CLM-01019_v1.png
CLM-00723,val,Invalid Claim,1,cards/val/Invalid Claim/CLM-00723_v1.png
CLM-01040,val,Manual Review,1,cards/val/Manual Review/CLM-01040_v1.png
CLM-00800,val,Invalid Claim,1,cards/val/Invalid Claim/CLM-00800_v1.png
CLM-00877,val,Invalid Claim,1,cards/val/Invalid Claim/CLM-00877_v1.png
CLM-01079,val,Manual Review,1,cards/val/Manual Review/CLM-01079_v1.png
CLM-00719,val,Invalid Claim,1,cards/val/Invalid Claim/CLM-00719_v1.png
CLM-01420,val,Manual Review,1,cards/val/Manual Review/CLM-01420_v1.png
CLM-00460,val,Valid Claim,1,cards/val/Valid Claim/CLM-00460_v1.png
CLM-00334,val,Valid Claim,1,cards/val/Valid Claim/CLM-00334_v1.png
CLM-00316,val,Valid Claim,1,cards/val/Valid Claim/CLM-00316_v1.png
CLM-00368,val,Valid Claim,1,cards/val/Valid Claim/CLM-00368_v1.png
CLM-01362,val,Manual Review,1,cards/val/Manual Review/CLM-01362_v1.png
CLM-00748,val,Valid Claim,1,cards/val/Valid Claim/CLM-00748_v1.png
CLM-00883,val,Invalid Claim,1,cards/val/Invalid Claim/CLM-00883_v1.png
CLM-00700,val,Invalid Claim,1,cards/val/Invalid Claim/CLM-00700_v1.png
CLM-00140,val,Valid Claim,1,cards/val/Valid Claim/CLM-00140_v1.png
CLM-00849,val,Invalid Claim,1,cards/val/Invalid Claim/CLM-00849_v1.png
CLM-01494,val,Manual Review,1,cards/val/Manual Review/CLM-01494_v1.png
CLM-00958,val,Invalid Claim,1,cards/val/Invalid Claim/CLM-00958_v1.png
CLM-00204,val,Valid Claim,1,cards/val/Valid Claim/CLM-00204_v1.png
CLM-00441,val,Valid Claim,1,cards/val/Valid Claim/CLM-00441_v1.png
CLM-01200,val,Manual Review,1,cards/val/Manual Review/CLM-01200_v1.png
CLM-01253,val,Manual Review,1,cards/val/Manual Review/CLM-01253_v1.png
CLM-00212,val,Valid Claim,1,cards/val/Valid Claim/CLM-00212_v1.png
CLM-01168,val,Manual Review,1,cards/val/Manual Review/CLM-01168_v1.png
CLM-00814,val,Invalid Claim,1,cards/val/Invalid Claim/CLM-00814_v1.png
CLM-01081,val,Manual Review,1,cards/val/Manual Review/CLM-01081_v1.png
CLM-01267,val,Manual Review,1,cards/val/Manual Review/CLM-01267_v1.png
CLM-00575,val,Invalid Claim,1,cards/val/Invalid Claim/CLM-00575_v1.png
CLM-00119,val,Invalid Claim,1,cards/val/Invalid Claim/CLM-00119_v1.png
CLM-00986,val,Invalid Claim,1,cards/val/Invalid Claim/CLM-00986_v1.png
CLM-00899,val,Invalid Claim,1,cards/val/Invalid Claim/CLM-00899_v1.png
CLM-00674,val,Invalid Claim,1,cards/val/Invalid Claim/CLM-00674_v1.png
CLM-00658,val,Invalid Claim,1,cards/val/Invalid Claim/CLM-00658_v1.png
CLM-00269,val,Valid Claim,1,cards/val/Valid Claim/CLM-00269_v1.png
CLM-01453,val,Manual Review,1,cards/val/Manual Review/CLM-01453_v1.png
CLM-01010,val,Manual Review,1,cards/val/Manual Review/CLM-01010_v1.png
CLM-00123,val,Valid Claim,1,cards/val/Valid Claim/CLM-00123_v1.png
CLM-00729,val,Manual Review,1,cards/val/Manual Review/CLM-00729_v1.png
CLM-01465,val,Manual Review,1,cards/val/Manual Review/CLM-01465_v1.png
CLM-01221,val,Manual Review,1,cards/val/Manual Review/CLM-01221_v1.png
CLM-00552,val,Invalid Claim,1,cards/val/Invalid Claim/CLM-00552_v1.png
CLM-00782,val,Invalid Claim,1,cards/val/Invalid Claim/CLM-00782_v1.png
CLM-00995,val,Invalid Claim,1,cards/val/Invalid Claim/CLM-00995_v1.png
CLM-01134,val,Manual Review,1,cards/val/Manual Review/CLM-01134_v1.png
CLM-00555,val,Invalid Claim,1,cards/val/Invalid Claim/CLM-00555_v1.png
CLM-01091,val,Manual Review,1,cards/val/Manual Review/CLM-01091_v1.png
CLM-00443,val,Valid Claim,1,cards/val/Valid Claim/CLM-00443_v1.png
CLM-01286,val,Manual Review,1,cards/val/Manual Review/CLM-01286_v1.png
CLM-01339,val,Manual Review,1,cards/val/Manual Review/CLM-01339_v1.png
CLM-01061,val,Manual Review,1,cards/val/Manual Review/CLM-01061_v1.png
CLM-01260,val,Manual Review,1,cards/val/Manual Review/CLM-01260_v1.png
CLM-00541,val,Invalid Claim,1,cards/val/Invalid Claim/CLM-00541_v1.png
CLM-00433,val,Manual Review,1,cards/val/Manual Review/CLM-00433_v1.png
CLM-00862,val,Invalid Claim,1,cards/val/Invalid Claim/CLM-00862_v1.png
CLM-01227,val,Manual Review,1,cards/val/Manual Review/CLM-01227_v1.png
CLM-00165,val,Valid Claim,1,cards/val/Valid Claim/CLM-00165_v1.png
CLM-01156,val,Manual Review,1,cards/val/Manual Review/CLM-01156_v1.png
CLM-01085,val,Manual Review,1,cards/val/Manual Review/CLM-01085_v1.png
CLM-00635,val,Invalid Claim,1,cards/val/Invalid Claim/CLM-00635_v1.png
CLM-00997,val,Invalid Claim,1,cards/val/Invalid Claim/CLM-00997_v1.png
CLM-00055,val,Valid Claim,1,cards/val/Valid Claim/CLM-00055_v1.png
CLM-00096,val,Valid Claim,1,cards/val/Valid Claim/CLM-00096_v1.png
CLM-00090,val,Valid Claim,1,cards/val/Valid Claim/CLM-00090_v1.png
CLM-00147,val,Valid Claim,1,cards/val/Valid Claim/CLM-00147_v1.png
CLM-00853,val,Invalid Claim,1,cards/val/Invalid Claim/CLM-00853_v1.png
CLM-00677,val,Invalid Claim,1,cards/val/Invalid Claim/CLM-00677_v1.png
CLM-01406,val,Manual Review,1,cards/val/Manual Review/CLM-01406_v1.png
CLM-01050,val,Manual Review,1,cards/val/Manual Review/CLM-01050_v1.png
CLM-00934,val,Invalid Claim,1,cards/val/Invalid Claim/CLM-00934_v1.png
CLM-01288,val,Manual Review,1,cards/val/Manual Review/CLM-01288_v1.png
CLM-01135,val,Manual Review,1,cards/val/Manual Review/CLM-01135_v1.png
CLM-00019,val,Valid Claim,1,cards/val/Valid Claim/CLM-00019_v1.png
CLM-00301,val,Valid Claim,1,cards/val/Valid Claim/CLM-00301_v1.png
CLM-00688,val,Invalid Claim,1,cards/val/Invalid Claim/CLM-00688_v1.png
CLM-01239,val,Manual Review,1,cards/val/Manual Review/CLM-01239_v1.png
CLM-00497,val,Valid Claim,1,cards/val/Valid Claim/CLM-00497_v1.png
CLM-00547,val,Invalid Claim,1,cards/val/Invalid Claim/CLM-00547_v1.png
CLM-00380,val,Valid Claim,1,cards/val/Valid Claim/CLM-00380_v1.png
CLM-00972,val,Invalid Claim,1,cards/val/Invalid Claim/CLM-00972_v1.png
CLM-00386,val,Valid Claim,1,cards/val/Valid Claim/CLM-00386_v1.png
CLM-01196,val,Manual Review,1,cards/val/Manual Review/CLM-01196_v1.png
CLM-00494,val,Valid Claim,1,cards/val/Valid Claim/CLM-00494_v1.png
CLM-00742,val,Invalid Claim,1,cards/val/Invalid Claim/CLM-00742_v1.png
CLM-01320,val,Manual Review,1,cards/val/Manual Review/CLM-01320_v1.png
CLM-01414,val,Manual Review,1,cards/val/Manual Review/CLM-01414_v1.png
CLM-01486,val,Manual Review,1,cards/val/Manual Review/CLM-01486_v1.png
CLM-00146,val,Valid Claim,1,cards/val/Valid Claim/CLM-00146_v1.png
CLM-01104,val,Manual Review,1,cards/val/Manual Review/CLM-01104_v1.png
CLM-00571,val,Invalid Claim,1,cards/val/Invalid Claim/CLM-00571_v1.png
CLM-00592,val,Invalid Claim,1,cards/val/Invalid Claim/CLM-00592_v1.png
CLM-00172,val,Valid Claim,1,cards/val/Valid Claim/CLM-00172_v1.png
CLM-00274,val,Valid Claim,1,cards/val/Valid Claim/CLM-00274_v1.png
CLM-01319,val,Manual Review,1,cards/val/Manual Review/CLM-01319_v1.png
CLM-01241,val,Manual Review,1,cards/val/Manual Review/CLM-01241_v1.png
CLM-00254,val,Valid Claim,1,cards/val/Valid Claim/CLM-00254_v1.png
CLM-00614,val,Invalid Claim,1,cards/val/Invalid Claim/CLM-00614_v1.png
CLM-00996,val,Invalid Claim,1,cards/val/Invalid Claim/CLM-00996_v1.png
CLM-00003,val,Valid Claim,1,cards/val/Valid Claim/CLM-00003_v1.png
CLM-00052,val,Valid Claim,1,cards/val/Valid Claim/CLM-00052_v1.png
CLM-00056,val,Valid Claim,1,cards/val/Valid Claim/CLM-00056_v1.png
CLM-00167,test,Valid Claim,1,cards/test/Valid Claim/CLM-00167_v1.png
CLM-01305,test,Manual Review,1,cards/test/Manual Review/CLM-01305_v1.png
CLM-00457,test,Manual Review,1,cards/test/Manual Review/CLM-00457_v1.png
CLM-00905,test,Invalid Claim,1,cards/test/Invalid Claim/CLM-00905_v1.png
CLM-00287,test,Valid Claim,1,cards/test/Valid Claim/CLM-00287_v1.png
CLM-01207,test,Manual Review,1,cards/test/Manual Review/CLM-01207_v1.png
CLM-00340,test,Valid Claim,1,cards/test/Valid Claim/CLM-00340_v1.png
CLM-01187,test,Manual Review,1,cards/test/Manual Review/CLM-01187_v1.png
CLM-01143,test,Manual Review,1,cards/test/Manual Review/CLM-01143_v1.png
CLM-01309,test,Manual Review,1,cards/test/Manual Review/CLM-01309_v1.png
CLM-00245,test,Valid Claim,1,cards/test/Valid Claim/CLM-00245_v1.png
CLM-00149,test,Valid Claim,1,cards/test/Valid Claim/CLM-00149_v1.png
CLM-00773,test,Invalid Claim,1,cards/test/Invalid Claim/CLM-00773_v1.png
CLM-00177,test,Valid Claim,1,cards/test/Valid Claim/CLM-00177_v1.png
CLM-01054,test,Valid Claim,1,cards/test/Valid Claim/CLM-01054_v1.png
CLM-01366,test,Manual Review,1,cards/test/Manual Review/CLM-01366_v1.png
CLM-00902,test,Invalid Claim,1,cards/test/Invalid Claim/CLM-00902_v1.png
CLM-01430,test,Manual Review,1,cards/test/Manual Review/CLM-01430_v1.png
CLM-00182,test,Valid Claim,1,cards/test/Valid Claim/CLM-00182_v1.png
CLM-00475,test,Valid Claim,1,cards/test/Valid Claim/CLM-00475_v1.png
CLM-01348,test,Manual Review,1,cards/test/Manual Review/CLM-01348_v1.png
CLM-01474,test,Manual Review,1,cards/test/Manual Review/CLM-01474_v1.png
CLM-00270,test,Valid Claim,1,cards/test/Valid Claim/CLM-00270_v1.png
CLM-00857,test,Invalid Claim,1,cards/test/Invalid Claim/CLM-00857_v1.png
CLM-00962,test,Invalid Claim,1,cards/test/Invalid Claim/CLM-00962_v1.png
CLM-00974,test,Invalid Claim,1,cards/test/Invalid Claim/CLM-00974_v1.png
CLM-00886,test,Invalid Claim,1,cards/test/Invalid Claim/CLM-00886_v1.png
CLM-00279,test,Valid Claim,1,cards/test/Valid Claim/CLM-00279_v1.png
CLM-00950,test,Invalid Claim,1,cards/test/Invalid Claim/CLM-00950_v1.png
CLM-00420,test,Valid Claim,1,cards/test/Valid Claim/CLM-00420_v1.png
CLM-00710,test,Invalid Claim,1,cards/test/Invalid Claim/CLM-00710_v1.png
CLM-01268,test,Manual Review,1,cards/test/Manual Review/CLM-01268_v1.png
CLM-00894,test,Invalid Claim,1,cards/test/Invalid Claim/CLM-00894_v1.png
CLM-00203,test,Valid Claim,1,cards/test/Valid Claim/CLM-00203_v1.png
CLM-00435,test,Valid Claim,1,cards/test/Valid Claim/CLM-00435_v1.png
CLM-00445,test,Valid Claim,1,cards/test/Valid Claim/CLM-00445_v1.png
CLM-00248,test,Valid Claim,1,cards/test/Valid Claim/CLM-00248_v1.png
CLM-00377,test,Valid Claim,1,cards/test/Valid Claim/CLM-00377_v1.png
CLM-01063,test,Manual Review,1,cards/test/Manual Review/CLM-01063_v1.png
CLM-00075,test,Valid Claim,1,cards/test/Valid Claim/CLM-00075_v1.png
CLM-00178,test,Valid Claim,1,cards/test/Valid Claim/CLM-00178_v1.png
CLM-00718,test,Invalid Claim,1,cards/test/Invalid Claim/CLM-00718_v1.png
CLM-00646,test,Invalid Claim,1,cards/test/Invalid Claim/CLM-00646_v1.png
CLM-00286,test,Manual Review,1,cards/test/Manual Review/CLM-00286_v1.png
CLM-01322,test,Manual Review,1,cards/test/Manual Review/CLM-01322_v1.png
CLM-00632,test,Invalid Claim,1,cards/test/Invalid Claim/CLM-00632_v1.png
CLM-01087,test,Manual Review,1,cards/test/Manual Review/CLM-01087_v1.png
CLM-00520,test,Invalid Claim,1,cards/test/Invalid Claim/CLM-00520_v1.png
CLM-01392,test,Manual Review,1,cards/test/Manual Review/CLM-01392_v1.png
CLM-00370,test,Valid Claim,1,cards/test/Valid Claim/CLM-00370_v1.png
CLM-00693,test,Invalid Claim,1,cards/test/Invalid Claim/CLM-00693_v1.png
CLM-00251,test,Valid Claim,1,cards/test/Valid Claim/CLM-00251_v1.png
CLM-00989,test,Invalid Claim,1,cards/test/Invalid Claim/CLM-00989_v1.png
CLM-00195,test,Valid Claim,1,cards/test/Valid Claim/CLM-00195_v1.png
CLM-00747,test,Invalid Claim,1,cards/test/Invalid Claim/CLM-00747_v1.png
CLM-00408,test,Valid Claim,1,cards/test/Valid Claim/CLM-00408_v1.png
CLM-00373,test,Valid Claim,1,cards/test/Valid Claim/CLM-00373_v1.png
CLM-01014,test,Manual Review,1,cards/test/Manual Review/CLM-01014_v1.png
CLM-00720,test,Invalid Claim,1,cards/test/Invalid Claim/CLM-00720_v1.png
CLM-00361,test,Valid Claim,1,cards/test/Valid Claim/CLM-00361_v1.png
CLM-00336,test,Valid Claim,1,cards/test/Valid Claim/CLM-00336_v1.png
CLM-01466,test,Manual Review,1,cards/test/Manual Review/CLM-01466_v1.png
CLM-01467,test,Manual Review,1,cards/test/Manual Review/CLM-01467_v1.png
CLM-00127,test,Valid Claim,1,cards/test/Valid Claim/CLM-00127_v1.png
CLM-01303,test,Manual Review,1,cards/test/Manual Review/CLM-01303_v1.png
CLM-00912,test,Invalid Claim,1,cards/test/Invalid Claim/CLM-00912_v1.png
CLM-00349,test,Valid Claim,1,cards/test/Valid Claim/CLM-00349_v1.png
CLM-00041,test,Valid Claim,1,cards/test/Valid Claim/CLM-00041_v1.png
CLM-00236,test,Valid Claim,1,cards/test/Valid Claim/CLM-00236_v1.png
CLM-01330,test,Manual Review,1,cards/test/Manual Review/CLM-01330_v1.png
CLM-00881,test,Invalid Claim,1,cards/test/Invalid Claim/CLM-00881_v1.png
CLM-01411,test,Manual Review,1,cards/test/Manual Review/CLM-01411_v1.png
CLM-00176,test,Valid Claim,1,cards/test/Valid Claim/CLM-00176_v1.png
CLM-01092,test,Manual Review,1,cards/test/Manual Review/CLM-01092_v1.png
CLM-01076,test,Manual Review,1,cards/test/Manual Review/CLM-01076_v1.png
CLM-01356,test,Manual Review,1,cards/test/Manual Review/CLM-01356_v1.png
CLM-00136,test,Valid Claim,1,cards/test/Valid Claim/CLM-00136_v1.png
CLM-01208,test,Manual Review,1,cards/test/Manual Review/CLM-01208_v1.png
CLM-01056,test,Manual Review,1,cards/test/Manual Review/CLM-01056_v1.png
CLM-00998,test,Invalid Claim,1,cards/test/Invalid Claim/CLM-00998_v1.png
CLM-00838,test,Invalid Claim,1,cards/test/Invalid Claim/CLM-00838_v1.png
CLM-00107,test,Valid Claim,1,cards/test/Valid Claim/CLM-00107_v1.png
CLM-00864,test,Invalid Claim,1,cards/test/Invalid Claim/CLM-00864_v1.png
CLM-00890,test,Valid Claim,1,cards/test/Valid Claim/CLM-00890_v1.png
CLM-00163,test,Valid Claim,1,cards/test/Valid Claim/CLM-00163_v1.png
CLM-01074,test,Manual Review,1,cards/test/Manual Review/CLM-01074_v1.png
CLM-00354,test,Valid Claim,1,cards/test/Valid Claim/CLM-00354_v1.png
CLM-00396,test,Valid Claim,1,cards/test/Valid Claim/CLM-00396_v1.png
CLM-00561,test,Invalid Claim,1,cards/test/Invalid Claim/CLM-00561_v1.png
CLM-01233,test,Manual Review,1,cards/test/Manual Review/CLM-01233_v1.png
CLM-00543,test,Invalid Claim,1,cards/test/Invalid Claim/CLM-00543_v1.png
CLM-01218,test,Manual Review,1,cards/test/Manual Review/CLM-01218_v1.png
CLM-01342,test,Manual Review,1,cards/test/Manual Review/CLM-01342_v1.png
CLM-00963,test,Invalid Claim,1,cards/test/Invalid Claim/CLM-00963_v1.png
CLM-00447,test,Invalid Claim,1,cards/test/Invalid Claim/CLM-00447_v1.png
CLM-00880,test,Invalid Claim,1,cards/test/Invalid Claim/CLM-00880_v1.png
CLM-01205,test,Manual Review,1,cards/test/Manual Review/CLM-01205_v1.png
CLM-00355,test,Valid Claim,1,cards/test/Valid Claim/CLM-00355_v1.png
CLM-00153,test,Valid Claim,1,cards/test/Valid Claim/CLM-00153_v1.png
CLM-00772,test,Invalid Claim,1,cards/test/Invalid Claim/CLM-00772_v1.png
CLM-00911,test,Invalid Claim,1,cards/test/Invalid Claim/CLM-00911_v1.png
CLM-00227,test,Valid Claim,1,cards/test/Valid Claim/CLM-00227_v1.png
CLM-00395,test,Valid Claim,1,cards/test/Valid Claim/CLM-00395_v1.png
CLM-00721,test,Invalid Claim,1,cards/test/Invalid Claim/CLM-00721_v1.png
CLM-01393,test,Manual Review,1,cards/test/Manual Review/CLM-01393_v1.png
CLM-00548,test,Valid Claim,1,cards/test/Valid Claim/CLM-00548_v1.png
CLM-01262,test,Manual Review,1,cards/test/Manual Review/CLM-01262_v1.png
CLM-00294,test,Valid Claim,1,cards/test/Valid Claim/CLM-00294_v1.png
CLM-00933,test,Invalid Claim,1,cards/test/Invalid Claim/CLM-00933_v1.png
CLM-01069,test,Manual Review,1,cards/test/Manual Review/CLM-01069_v1.png
CLM-00179,test,Valid Claim,1,cards/test/Valid Claim/CLM-00179_v1.png
CLM-00116,test,Valid Claim,1,cards/test/Valid Claim/CLM-00116_v1.png
CLM-01249,test,Manual Review,1,cards/test/Manual Review/CLM-01249_v1.png
CLM-00597,test,Invalid Claim,1,cards/test/Invalid Claim/CLM-00597_v1.png
CLM-00631,test,Invalid Claim,1,cards/test/Invalid Claim/CLM-00631_v1.png
CLM-01051,test,Manual Review,1,cards/test/Manual Review/CLM-01051_v1.png
CLM-01206,test,Invalid Claim,1,cards/test/Invalid Claim/CLM-01206_v1.png
CLM-00143,test,Valid Claim,1,cards/test/Valid Claim/CLM-00143_v1.png
CLM-01252,test,Manual Review,1,cards/test/Manual Review/CLM-01252_v1.png
CLM-00716,test,Invalid Claim,1,cards/test/Invalid Claim/CLM-00716_v1.png
CLM-01035,test,Manual Review,1,cards/test/Manual Review/CLM-01035_v1.png
CLM-01034,test,Manual Review,1,cards/test/Manual Review/CLM-01034_v1.png
CLM-01053,test,Manual Review,1,cards/test/Manual Review/CLM-01053_v1.png
CLM-00501,test,Invalid Claim,1,cards/test/Invalid Claim/CLM-00501_v1.png
CLM-00808,test,Invalid Claim,1,cards/test/Invalid Claim/CLM-00808_v1.png
CLM-00366,test,Valid Claim,1,cards/test/Valid Claim/CLM-00366_v1.png
CLM-00330,test,Valid Claim,1,cards/test/Valid Claim/CLM-00330_v1.png
CLM-00063,test,Valid Claim,1,cards/test/Valid Claim/CLM-00063_v1.png
CLM-00492,test,Valid Claim,1,cards/test/Valid Claim/CLM-00492_v1.png
CLM-00246,test,Valid Claim,1,cards/test/Valid Claim/CLM-00246_v1.png
CLM-01016,test,Manual Review,1,cards/test/Manual Review/CLM-01016_v1.png
CLM-00032,test,Valid Claim,1,cards/test/Valid Claim/CLM-00032_v1.png
CLM-01044,test,Valid Claim,1,cards/test/Valid Claim/CLM-01044_v1.png
CLM-01426,test,Manual Review,1,cards/test/Manual Review/CLM-01426_v1.png
CLM-00960,test,Invalid Claim,1,cards/test/Invalid Claim/CLM-00960_v1.png
CLM-01304,test,Manual Review,1,cards/test/Manual Review/CLM-01304_v1.png
CLM-01251,test,Manual Review,1,cards/test/Manual Review/CLM-01251_v1.png
CLM-00807,test,Invalid Claim,1,cards/test/Invalid Claim/CLM-00807_v1.png
CLM-00458,test,Valid Claim,1,cards/test/Valid Claim/CLM-00458_v1.png
CLM-00266,test,Valid Claim,1,cards/test/Valid Claim/CLM-00266_v1.png
CLM-00161,test,Valid Claim,1,cards/test/Valid Claim/CLM-00161_v1.png
CLM-01119,test,Manual Review,1,cards/test/Manual Review/CLM-01119_v1.png
CLM-01433,test,Manual Review,1,cards/test/Manual Review/CLM-01433_v1.png
CLM-00022,test,Valid Claim,1,cards/test/Valid Claim/CLM-00022_v1.png
CLM-00745,test,Invalid Claim,1,cards/test/Invalid Claim/CLM-00745_v1.png
CLM-00362,test,Valid Claim,1,cards/test/Valid Claim/CLM-00362_v1.png
CLM-00796,test,Invalid Claim,1,cards/test/Invalid Claim/CLM-00796_v1.png
CLM-01174,test,Manual Review,1,cards/test/Manual Review/CLM-01174_v1.png
CLM-00940,test,Invalid Claim,1,cards/test/Invalid Claim/CLM-00940_v1.png
CLM-00929,test,Invalid Claim,1,cards/test/Invalid Claim/CLM-00929_v1.png
CLM-00696,test,Invalid Claim,1,cards/test/Invalid Claim/CLM-00696_v1.png
CLM-01028,test,Manual Review,1,cards/test/Manual Review/CLM-01028_v1.png
CLM-01183,test,Manual Review,1,cards/test/Manual Review/CLM-01183_v1.png
CLM-00680,test,Invalid Claim,1,cards/test/Invalid Claim/CLM-00680_v1.png
CLM-00503,test,Invalid Claim,1,cards/test/Invalid Claim/CLM-00503_v1.png
CLM-00777,test,Invalid Claim,1,cards/test/Invalid Claim/CLM-00777_v1.png
CLM-00523,test,Invalid Claim,1,cards/test/Invalid Claim/CLM-00523_v1.png
CLM-00476,test,Valid Claim,1,cards/test/Valid Claim/CLM-00476_v1.png
CLM-01140,test,Manual Review,1,cards/test/Manual Review/CLM-01140_v1.png
CLM-00089,test,Valid Claim,1,cards/test/Valid Claim/CLM-00089_v1.png
CLM-00779,test,Invalid Claim,1,cards/test/Invalid Claim/CLM-00779_v1.png
CLM-01062,test,Manual Review,1,cards/test/Manual Review/CLM-01062_v1.png
CLM-00987,test,Invalid Claim,1,cards/test/Invalid Claim/CLM-00987_v1.png
CLM-00836,test,Invalid Claim,1,cards/test/Invalid Claim/CLM-00836_v1.png
CLM-01256,test,Manual Review,1,cards/test/Manual Review/CLM-01256_v1.png
CLM-00462,test,Valid Claim,1,cards/test/Valid Claim/CLM-00462_v1.png
CLM-00474,test,Valid Claim,1,cards/test/Valid Claim/CLM-00474_v1.png
CLM-00758,test,Invalid Claim,1,cards/test/Invalid Claim/CLM-00758_v1.png
CLM-00288,test,Valid Claim,1,cards/test/Valid Claim/CLM-00288_v1.png
CLM-01120,test,Manual Review,1,cards/test/Manual Review/CLM-01120_v1.png
CLM-00099,test,Valid Claim,1,cards/test/Valid Claim/CLM-00099_v1.png
CLM-00815,test,Invalid Claim,1,cards/test/Invalid Claim/CLM-00815_v1.png
CLM-00893,test,Invalid Claim,1,cards/test/Invalid Claim/CLM-00893_v1.png
CLM-00802,test,Invalid Claim,1,cards/test/Invalid Claim/CLM-00802_v1.png
CLM-00767,test,Invalid Claim,1,cards/test/Invalid Claim/CLM-00767_v1.png
CLM-00273,test,Valid Claim,1,cards/test/Valid Claim/CLM-00273_v1.png
CLM-00551,test,Invalid Claim,1,cards/test/Invalid Claim/CLM-00551_v1.png
CLM-00193,test,Valid Claim,1,cards/test/Valid Claim/CLM-00193_v1.png
CLM-00618,test,Invalid Claim,1,cards/test/Invalid Claim/CLM-00618_v1.png
CLM-00347,test,Valid Claim,1,cards/test/Valid Claim/CLM-00347_v1.png
CLM-00468,test,Valid Claim,1,cards/test/Valid Claim/CLM-00468_v1.png
CLM-01338,test,Manual Review,1,cards/test/Manual Review/CLM-01338_v1.png
CLM-00471,test,Valid Claim,1,cards/test/Valid Claim/CLM-00471_v1.png
CLM-01472,test,Manual Review,1,cards/test/Manual Review/CLM-01472_v1.png
CLM-01225,test,Manual Review,1,cards/test/Manual Review/CLM-01225_v1.png
CLM-01255,test,Manual Review,1,cards/test/Manual Review/CLM-01255_v1.png
CLM-00795,test,Invalid Claim,1,cards/test/Invalid Claim/CLM-00795_v1.png
CLM-00744,test,Invalid Claim,1,cards/test/Invalid Claim/CLM-00744_v1.png
CLM-00071,test,Valid Claim,1,cards/test/Valid Claim/CLM-00071_v1.png
CLM-00690,test,Invalid Claim,1,cards/test/Invalid Claim/CLM-00690_v1.png
CLM-00848,test,Invalid Claim,1,cards/test/Invalid Claim/CLM-00848_v1.png
CLM-01388,test,Manual Review,1,cards/test/Manual Review/CLM-01388_v1.png
CLM-00768,test,Invalid Claim,1,cards/test/Invalid Claim/CLM-00768_v1.png
CLM-01244,test,Manual Review,1,cards/test/Manual Review/CLM-01244_v1.png
CLM-00567,test,Invalid Claim,1,cards/test/Invalid Claim/CLM-00567_v1.png
CLM-01497,test,Manual Review,1,cards/test/Manual Review/CLM-01497_v1.png
CLM-01405,test,Manual Review,1,cards/test/Manual Review/CLM-01405_v1.png
CLM-00504,test,Invalid Claim,1,cards/test/Invalid Claim/CLM-00504_v1.png
CLM-00412,test,Valid Claim,1,cards/test/Valid Claim/CLM-00412_v1.png
CLM-00858,test,Invalid Claim,1,cards/test/Invalid Claim/CLM-00858_v1.png
CLM-00809,test,Invalid Claim,1,cards/test/Invalid Claim/CLM-00809_v1.png
CLM-00897,test,Invalid Claim,1,cards/test/Invalid Claim/CLM-00897_v1.png
CLM-00620,test,Invalid Claim,1,cards/test/Invalid Claim/CLM-00620_v1.png
CLM-01380,test,Manual Review,1,cards/test/Manual Review/CLM-01380_v1.png
CLM-01457,test,Manual Review,1,cards/test/Manual Review/CLM-01457_v1.png
CLM-01129,test,Manual Review,1,cards/test/Manual Review/CLM-01129_v1.png
CLM-01372,test,Manual Review,1,cards/test/Manual Review/CLM-01372_v1.png
CLM-00569,test,Invalid Claim,1,cards/test/Invalid Claim/CLM-00569_v1.png
CLM-01203,test,Manual Review,1,cards/test/Manual Review/CLM-01203_v1.png
CLM-00313,test,Valid Claim,1,cards/test/Valid Claim/CLM-00313_v1.png
CLM-00477,test,Valid Claim,1,cards/test/Valid Claim/CLM-00477_v1.png
CLM-01378,test,Manual Review,1,cards/test/Manual Review/CLM-01378_v1.png
CLM-01394,test,Manual Review,1,cards/test/Manual Review/CLM-01394_v1.png
CLM-01102,test,Manual Review,1,cards/test/Manual Review/CLM-01102_v1.png
CLM-00948,test,Invalid Claim,1,cards/test/Invalid Claim/CLM-00948_v1.png
CLM-01103,test,Manual Review,1,cards/test/Manual Review/CLM-01103_v1.png
CLM-00141,test,Valid Claim,1,cards/test/Valid Claim/CLM-00141_v1.png
CLM-01298,test,Manual Review,1,cards/test/Manual Review/CLM-01298_v1.png
CLM-00280,test,Valid Claim,1,cards/test/Valid Claim/CLM-00280_v1.png
CLM-00833,test,Invalid Claim,1,cards/test/Invalid Claim/CLM-00833_v1.png
CLM-00591,test,Manual Review,1,cards/test/Manual Review/CLM-00591_v1.png
CLM-00924,test,Invalid Claim,1,cards/test/Invalid Claim/CLM-00924_v1.png
CLM-01347,test,Manual Review,1,cards/test/Manual Review/CLM-01347_v1.png
CLM-00148,test,Valid Claim,1,cards/test/Valid Claim/CLM-00148_v1.png
CLM-01345,test,Manual Review,1,cards/test/Manual Review/CLM-01345_v1.png
