claim_code,product_category,product_age_days,warranty_months,warranty_days_left,fault_category,days_purchase_to_fault,previous_repairs,product_replaced_before,physical_damage,water_damage,receipt_present,warranty_card_present,product_image_present,repair_report_present,serial_matches,missing_documents,scenario,label
CLM-00217,small_appliances,483,24,237,motor_or_drive,212,0,False,False,False,True,True,True,True,True,0,normal_valid,Valid Claim
CLM-01100,small_appliances,722,24,-2,heating_element,720,2,False,False,False,True,True,True,True,True,0,borderline_disagreement,Manual Review
CLM-00087,small_appliances,718,24,2,manufacturing_defect,714,0,False,False,False,True,True,True,True,True,0,valid_near_expiry,Valid Claim
CLM-00281,small_appliances,218,24,502,motor_or_drive,136,2,False,False,False,True,True,True,True,True,0,valid_with_repair_history,Valid Claim
CLM-00319,mobile_devices,294,12,66,battery,189,0,False,False,False,True,True,True,True,True,0,normal_valid,Valid Claim
CLM-01088,small_appliances,719,24,1,manufacturing_defect,716,2,False,False,False,True,True,True,False,True,0,borderline_disagreement,Manual Review
CLM-01068,consumer_electronics,360,12,0,battery,359,3,False,False,False,True,True,True,True,True,0,borderline_disagreement,Manual Review
CLM-00959,mobile_devices,146,12,214,display,30,3,False,False,False,True,True,True,True,True,0,excessive_repairs,Invalid Claim
CLM-01003,mobile_devices,278,12,82,manufacturing_defect,-11,0,False,False,False,True,True,True,True,True,0,contradiction_bad_dates,Invalid Claim
CLM-01301,small_appliances,194,24,526,manufacturing_defect,81,0,False,False,False,True,True,True,True,True,1,missing_documents,Manual Review
CLM-00981,consumer_electronics,445,12,-85,battery,441,0,False,False,False,True,True,True,True,True,0,expired_warranty,Invalid Claim
CLM-00949,small_appliances,362,24,358,commercial_use,109,0,False,True,False,True,True,True,True,True,0,excluded_damage,Invalid Claim
CLM-00538,consumer_electronics,95,12,265,screen_burn_in,56,0,False,False,True,True,True,True,True,True,0,excluded_damage,Invalid Claim
CLM-01184,mobile_devices,362,12,-2,display,361,2,False,False,False,True,True,True,True,True,0,borderline_disagreement,Manual Review
CLM-00553,mobile_devices,88,12,272,software_issue,55,0,False,True,False,True,True,True,True,True,0,excluded_damage,Valid Claim
CLM-01124,consumer_electronics,361,12,-1,power_supply,357,3,False,False,False,True,True,True,True,True,0,borderline_disagreement,Manual Review
CLM-01110,small_appliances,154,24,566,controls,5,0,False,False,False,True,True,True,True,False,0,serial_mismatch,Manual Review
CLM-00448,mobile_devices,255,12,105,camera,135,0,False,False,False,True,True,True,True,True,0,normal_valid,Manual Review
CLM-00855,mobile_devices,416,12,-56,display,409,0,False,False,False,True,True,True,True,True,0,expired_warranty,Invalid Claim
CLM-00265,mobile_devices,77,12,283,display,12,0,False,False,False,True,True,True,True,True,0,normal_valid,Invalid Claim
CLM-01118,consumer_electronics,266,12,94,ports,235,0,False,False,False,True,True,True,True,False,0,serial_mismatch,Manual Review
CLM-01131,consumer_electronics,295,12,65,manufacturing_defect,-9,0,False,False,False,True,True,True,True,True,0,contradiction_bad_dates,Manual Review
CLM-01214,small_appliances,99,24,621,controls,43,0,False,False,False,True,True,True,True,False,0,serial_mismatch,Manual Review
CLM-01452,consumer_electronics,359,12,1,power_supply,354,3,False,False,False,True,True,True,True,True,0,borderline_disagreement,Manual Review
CLM-01412,mobile_devices,361,12,-1,camera,359,2,False,False,False,True,True,True,False,True,0,borderline_disagreement,Manual Review
CLM-01492,consumer_electronics,361,12,-1,battery,359,3,False,False,False,True,True,False,True,True,0,borderline_disagreement,Manual Review
CLM-01265,small_appliances,194,24,526,manufacturing_defect,117,0,False,False,False,True,True,False,True,True,2,missing_documents,Manual Review
CLM-00417,mobile_devices,358,12,2,display,349,0,False,False,False,True,True,True,True,True,0,valid_near_expiry,Valid Claim
CLM-01376,consumer_electronics,359,12,1,power_supply,356,3,False,False,False,True,False,True,True,True,0,borderline_disagreement,Manual Review
CLM-00137,mobile_devices,274,12,86,manufacturing_defect,167,1,False,False,False,True,True,True,True,True,0,valid_with_repair_history,Valid Claim
CLM-00544,small_appliances,618,24,102,misuse,140,0,False,False,True,True,True,True,True,True,0,excluded_damage,Invalid Claim
CLM-01021,consumer_electronics,262,12,98,motherboard,112,0,False,False,False,True,True,True,True,True,2,missing_documents,Manual Review
CLM-00840,mobile_devices,471,12,-111,speaker_or_microphone,470,0,False,False,False,True,True,True,True,True,0,expired_warranty,Invalid Claim
CLM-01080,consumer_electronics,360,12,0,motherboard,357,3,False,False,False,True,False,True,True,True,0,borderline_disagreement,Manual Review
CLM-01199,mobile_devices,38,12,322,speaker_or_microphone,-14,0,False,False,False,True,True,True,True,True,0,contradiction_bad_dates,Manual Review
CLM-00042,small_appliances,710,24,10,heating_element,707,0,False,False,False,True,True,True,True,True,0,valid_near_expiry,Valid Claim
CLM-01212,small_appliances,720,24,0,motor_or_drive,716,2,False,False,False,True,True,True,True,True,0,borderline_disagreement,Manual Review
CLM-01459,consumer_electronics,307,12,53,power_supply,-1,0,False,False,False,True,True,True,True,True,0,contradiction_bad_dates,Manual Review
CLM-00922,small_appliances,423,24,297,misuse,48,0,False,True,False,True,True,True,True,True,0,excluded_damage,Invalid Claim
CLM-00224,consumer_electronics,296,12,64,manufacturing_defect,90,1,False,False,False,True,True,True,True,True,0,valid_with_repair_history,Valid Claim
CLM-01179,consumer_electronics,159,12,201,power_supply,-8,0,False,False,False,True,True,True,True,True,0,contradiction_bad_dates,Invalid Claim
CLM-01350,consumer_electronics,55,12,305,manufacturing_defect,46,0,False,False,False,True,True,True,True,False,0,serial_mismatch,Manual Review
CLM-00399,mobile_devices,352,12,8,battery,346,0,False,False,False,True,True,True,True,True,0,valid_near_expiry,Valid Claim
CLM-01157,small_appliances,674,24,46,motor_or_drive,168,0,False,False,False,False,True,True,True,True,1,missing_documents,Manual Review
CLM-00670,consumer_electronics,219,12,141,water_damage,7,0,False,False,True,True,True,True,True,True,0,excluded_damage,Invalid Claim
CLM-00109,small_appliances,312,24,408,electrical,284,0,False,False,False,True,True,True,True,True,0,normal_valid,Valid Claim
CLM-00011,mobile_devices,82,12,278,camera,76,1,False,False,False,True,True,True,True,True,0,valid_with_repair_history,Valid Claim
CLM-00518,consumer_electronics,133,12,227,manufacturing_defect,126,5,False,False,False,True,True,True,True,True,0,excessive_repairs,Invalid Claim
CLM-01419,mobile_devices,155,12,205,charging_port,-8,0,False,False,False,True,True,True,True,True,0,contradiction_bad_dates,Manual Review
CLM-00410,consumer_electronics,113,12,247,manufacturing_defect,104,2,False,False,False,True,True,True,True,True,0,valid_with_repair_history,Valid Claim
CLM-00708,mobile_devices,372,12,-12,speaker_or_microphone,365,0,False,False,False,True,True,True,True,True,0,expired_warranty,Invalid Claim
CLM-00798,mobile_devices,373,12,-13,display,368,0,False,False,False,True,True,True,True,True,0,expired_warranty,Invalid Claim
CLM-00113,mobile_devices,224,12,136,camera,149,2,False,False,False,True,True,True,True,True,0,valid_with_repair_history,Valid Claim
CLM-00168,mobile_devices,340,12,20,speaker_or_microphone,333,0,False,False,False,True,True,True,True,True,0,valid_near_expiry,Valid Claim
CLM-00229,mobile_devices,184,12,176,display,130,0,False,False,False,True,True,True,True,True,0,normal_valid,Valid Claim
CLM-01127,mobile_devices,319,12,41,camera,-6,0,False,False,False,True,True,True,True,True,0,contradiction_bad_dates,Manual Review
CLM-00811,mobile_devices,200,12,160,lost_or_stolen,67,0,False,False,True,True,True,True,True,True,0,excluded_damage,Invalid Claim
CLM-01417,consumer_electronics,166,12,194,motherboard,44,0,False,False,False,True,True,True,True,True,1,missing_documents,Manual Review
CLM-00185,mobile_devices,234,12,126,battery,77,2,False,False,False,True,True,True,True,True,0,valid_with_repair_history,Valid Claim
CLM-00073,consumer_electronics,14,12,346,ports,8,1,False,False,False,True,True,True,True,True,0,normal_valid,Valid Claim
CLM-01242,small_appliances,251,24,469,motor_or_drive,45,0,False,False,False,True,True,True,True,False,0,serial_mismatch,Manual Review
CLM-00004,mobile_devices,26,12,334,battery,1,0,False,False,False,True,True,True,True,True,0,normal_valid,Valid Claim
CLM-00878,mobile_devices,246,12,114,battery,241,3,False,False,False,True,True,True,True,True,0,excessive_repairs,Invalid Claim
CLM-01489,consumer_electronics,285,12,75,manufacturing_defect,3,0,False,False,False,False,True,True,True,True,1,missing_documents,Invalid Claim
CLM-01421,consumer_electronics,99,12,261,manufacturing_defect,91,0,False,False,False,False,True,True,True,True,1,missing_documents,Manual Review
CLM-00694,mobile_devices,48,12,312,physical_damage,2,0,False,True,False,True,True,True,True,True,0,excluded_damage,Invalid Claim
CLM-00465,mobile_devices,345,12,15,display,336,0,False,False,False,True,True,True,True,True,0,valid_near_expiry,Valid Claim
CLM-01045,mobile_devices,316,12,44,charging_port,284,0,False,False,False,True,True,True,True,True,1,missing_documents,Manual Review
CLM-00369,mobile_devices,351,12,9,display,340,0,False,False,False,True,True,True,True,True,0,valid_near_expiry,Valid Claim
CLM-01258,small_appliances,187,24,533,electrical,122,0,False,False,False,True,True,True,True,False,0,serial_mismatch,Manual Review
CLM-00030,small_appliances,711,24,9,motor_or_drive,696,0,False,False,False,True,True,True,True,True,0,valid_near_expiry,Valid Claim
CLM-00702,consumer_electronics,414,12,-54,power_supply,408,0,False,False,False,True,True,True,True,True,0,expired_warranty,Invalid Claim
CLM-00360,mobile_devices,341,12,19,display,332,0,False,False,False,True,True,True,True,True,0,valid_near_expiry,Valid Claim
CLM-01328,mobile_devices,362,12,-2,manufacturing_defect,357,2,False,False,False,True,True,True,False,True,0,borderline_disagreement,Manual Review
CLM-01226,mobile_devices,210,12,150,manufacturing_defect,46,0,False,False,False,True,True,True,True,False,0,serial_mismatch,Manual Review
CLM-00535,mobile_devices,221,12,139,physical_damage,100,0,False,True,False,True,True,True,True,True,0,excluded_damage,Valid Claim
CLM-01476,consumer_electronics,360,12,0,power_supply,360,3,False,False,False,True,True,False,True,True,0,borderline_disagreement,Manual Review
CLM-00724,mobile_devices,172,12,188,cosmetic_wear,45,0,False,False,True,True,True,True,True,True,0,excluded_damage,Invalid Claim
CLM-00220,consumer_electronics,157,12,203,manufacturing_defect,113,0,False,False,False,True,True,True,True,True,0,normal_valid,Valid Claim
CLM-01049,small_appliances,382,24,338,electrical,318,0,False,False,False,False,True,True,True,True,2,missing_documents,Manual Review
CLM-00007,mobile_devices,311,12,49,battery,143,0,False,False,False,True,True,True,True,True,0,normal_valid,Valid Claim
CLM-00841,small_appliances,642,24,78,misuse,121,0,False,True,False,True,True,True,True,True,0,excluded_damage,Invalid Claim
CLM-00422,consumer_electronics,277,12,83,battery,50,3,False,False,False,True,True,True,True,True,0,valid_with_repair_history,Valid Claim
CLM-00196,consumer_electronics,219,12,141,manufacturing_defect,116,1,False,False,False,True,True,True,True,True,0,normal_valid,Valid Claim
CLM-00732,consumer_electronics,410,12,-50,motherboard,409,0,False,False,False,True,True,True,True,True,0,expired_warranty,Invalid Claim
CLM-00454,small_appliances,240,24,480,manufacturing_defect,89,0,False,False,False,True,True,True,True,True,0,normal_valid,Valid Claim
CLM-00381,mobile_devices,348,12,12,camera,340,0,False,False,False,True,True,True,True,True,0,valid_near_expiry,Valid Claim
CLM-00819,mobile_devices,391,12,-31,speaker_or_microphone,389,0,False,False,False,True,True,True,True,True,0,expired_warranty,Invalid Claim
CLM-00323,consumer_electronics,133,12,227,manufacturing_defect,102,2,False,False,False,True,True,True,True,True,0,valid_with_repair_history,Valid Claim
CLM-00707,consumer_electronics,73,12,287,ports,50,4,True,False,False,True,True,True,True,True,0,excessive_repairs,Invalid Claim
CLM-01098,consumer_electronics,146,12,214,motherboard,111,0,False,False,False,True,True,True,True,False,0,serial_mismatch,Manual Review
CLM-00602,mobile_devices,196,12,164,manufacturing_defect,161,3,True,False,False,True,True,True,True,True,0,excessive_repairs,Invalid Claim
CLM-01041,small_appliances,396,24,324,electrical,184,0,False,False,False,False,True,False,True,True,2,missing_documents,Manual Review
CLM-00201,small_appliances,715,24,5,electrical,708,0,False,False,False,True,True,True,True,True,0,valid_near_expiry,Valid Claim
CLM-00068,mobile_devices,121,12,239,charging_port,102,1,False,False,False,True,True,True,True,True,0,valid_with_repair_history,Valid Claim
CLM-01155,consumer_electronics,242,12,118,manufacturing_defect,-10,0,False,False,False,True,True,True,True,True,0,contradiction_bad_dates,Manual Review
CLM-00532,small_appliances,534,24,186,physical_damage,418,0,False,True,False,True,True,True,True,True,0,excluded_damage,Invalid Claim
CLM-00874,mobile_devices,19,12,341,software_issue,4,0,False,False,True,True,True,True,True,True,0,excluded_damage,Invalid Claim
CLM-00456,mobile_devices,355,12,5,speaker_or_microphone,349,0,False,False,False,True,True,True,True,True,0,valid_near_expiry,Valid Claim
CLM-00235,consumer_electronics,172,12,188,manufacturing_defect,122,0,False,False,False,True,True,True,True,True,0,normal_valid,Valid Claim
CLM-00257,consumer_electronics,181,12,179,ports,127,2,False,False,False,True,True,True,True,True,0,valid_with_repair_history,Valid Claim
CLM-00892,small_appliances,141,24,579,commercial_use,27,0,False,False,True,True,True,True,True,True,0,excluded_damage,Invalid Claim
CLM-00423,consumer_electronics,342,12,18,motherboard,336,0,False,False,False,True,True,True,True,True,0,valid_near_expiry,Valid Claim
CLM-01343,small_appliances,421,24,299,motor_or_drive,-6,0,False,False,False,True,True,True,True,True,0,contradiction_bad_dates,Manual Review
CLM-01072,small_appliances,720,24,0,manufacturing_defect,719,2,False,False,False,True,False,True,True,True,0,borderline_disagreement,Manual Review
CLM-01371,consumer_electronics,47,12,313,ports,-8,0,False,False,False,True,True,True,True,True,0,contradiction_bad_dates,Manual Review
CLM-00793,small_appliances,668,24,52,commercial_use,282,0,False,False,True,True,True,True,True,True,0,excluded_damage,Invalid Claim
CLM-01266,mobile_devices,191,12,169,charging_port,58,0,False,False,False,True,True,True,True,False,0,serial_mismatch,Manual Review
CLM-01144,consumer_electronics,362,12,-2,display,360,3,False,False,False,True,True,True,False,True,0,borderline_disagreement,Manual Review
CLM-01229,small_appliances,556,24,164,controls,81,0,False,False,False,False,True,True,True,True,1,missing_documents,Manual Review
CLM-01189,small_appliances,222,24,498,manufacturing_defect,205,0,False,False,False,False,True,False,True,True,2,missing_documents,Manual Review
CLM-00205,small_appliances,562,24,158,controls,506,0,False,False,False,True,True,True,True,True,0,normal_valid,Valid Claim
CLM-00337,small_appliances,450,24,270,electrical,90,0,False,False,False,True,True,True,True,True,0,normal_valid,Valid Claim
CLM-00750,mobile_devices,412,12,-52,camera,410,0,False,False,False,True,True,True,True,True,0,expired_warranty,Invalid Claim
CLM-00156,consumer_electronics,350,12,10,ports,338,0,False,False,False,True,True,True,True,True,0,valid_near_expiry,Valid Claim
CLM-00376,mobile_devices,258,12,102,charging_port,99,0,False,False,False,True,True,True,True,True,0,normal_valid,Valid Claim
CLM-00873,mobile_devices,422,12,-62,battery,417,0,False,False,False,True,True,True,True,True,0,expired_warranty,Invalid Claim
CLM-01287,mobile_devices,130,12,230,charging_port,-8,0,False,False,False,True,True,True,True,True,0,contradiction_bad_dates,Manual Review
CLM-01213,mobile_devices,277,12,83,battery,60,0,False,False,False,False,True,False,True,True,2,missing_documents,Manual Review
CLM-01370,consumer_electronics,221,12,139,battery,52,0,False,False,False,True,True,True,True,False,0,serial_mismatch,Manual Review
CLM-00659,consumer_electronics,66,12,294,display,45,5,False,False,False,True,True,True,True,True,0,excessive_repairs,Invalid Claim
CLM-01432,consumer_electronics,359,12,1,display,356,3,False,False,False,True,True,True,False,True,0,borderline_disagreement,Manual Review
CLM-00953,mobile_devices,94,12,266,battery,62,3,False,False,False,True,True,True,True,True,0,excessive_repairs,Invalid Claim
CLM-01295,mobile_devices,16,12,344,camera,-5,0,False,False,False,True,True,True,True,True,0,contradiction_bad_dates,Manual Review
CLM-00429,small_appliances,714,24,6,electrical,699,0,False,False,False,True,True,True,True,True,0,valid_near_expiry,Valid Claim
CLM-01011,small_appliances,457,24,263,electrical,-7,0,False,False,False,True,True,True,True,True,0,contradiction_bad_dates,Manual Review
CLM-00275,small_appliances,395,24,325,electrical,342,1,False,False,False,True,True,True,True,True,0,valid_with_repair_history,Valid Claim
CLM-00502,consumer_electronics,121,12,239,software_issue,65,0,False,False,True,True,True,True,True,True,0,excluded_damage,Invalid Claim
CLM-00442,consumer_electronics,291,12,69,motherboard,278,0,False,False,False,True,True,True,True,True,0,normal_valid,Valid Claim
CLM-01222,small_appliances,300,24,420,electrical,294,0,False,False,False,True,True,True,True,False,0,serial_mismatch,Manual Review
CLM-00973,consumer_electronics,238,12,122,water_damage,41,0,False,True,False,True,True,True,True,True,0,excluded_damage,Invalid Claim
CLM-00232,mobile_devices,292,12,68,camera,279,0,False,False,False,True,True,True,True,True,0,normal_valid,Valid Claim
CLM-00379,small_appliances,144,24,576,electrical,97,0,False,False,False,True,True,True,True,True,0,normal_valid,Valid Claim
CLM-01125,mobile_devices,80,12,280,manufacturing_defect,12,0,False,False,False,True,True,True,True,True,2,missing_documents,Manual Review
CLM-00449,small_appliances,135,24,585,heating_element,46,1,False,False,False,True,True,True,True,True,0,valid_with_repair_history,Valid Claim
CLM-00965,mobile_devices,99,12,261,battery,39,5,False,False,False,True,True,True,True,True,0,excessive_repairs,Invalid Claim
CLM-00283,small_appliances,389,24,331,controls,112,0,False,False,False,True,True,True,True,True,0,normal_valid,Valid Claim
CLM-01337,mobile_devices,19,12,341,speaker_or_microphone,16,0,False,False,False,True,True,True,True,True,1,missing_documents,Manual Review
CLM-00202,consumer_electronics,40,12,320,motherboard,11,1,False,False,False,True,True,True,True,True,0,normal_valid,Valid Claim
CLM-00392,small_appliances,442,24,278,controls,150,1,False,False,False,True,True,True,True,True,0,valid_with_repair_history,Valid Claim
CLM-01048,small_appliances,722,24,-2,electrical,722,2,False,False,False,True,False,True,True,True,0,borderline_disagreement,Manual Review
CLM-01099,small_appliances,599,24,121,motor_or_drive,-2,0,False,False,False,True,True,True,True,True,0,contradiction_bad_dates,Manual Review
CLM-00652,mobile_devices,95,12,265,water_damage,48,0,False,False,True,True,True,True,True,True,0,excluded_damage,Invalid Claim
CLM-01210,mobile_devices,278,12,82,display,159,0,False,False,False,True,True,True,True,False,0,serial_mismatch,Manual Review
CLM-00271,mobile_devices,17,12,343,speaker_or_microphone,9,0,False,False,False,True,True,True,True,True,0,normal_valid,Valid Claim
CLM-00956,small_appliances,131,24,589,heating_element,54,4,False,False,False,True,True,True,True,True,0,excessive_repairs,Invalid Claim
CLM-00358,mobile_devices,49,12,311,battery,42,1,False,False,False,True,True,True,True,True,0,normal_valid,Valid Claim
CLM-00992,consumer_electronics,324,12,36,ports,237,6,False,False,False,True,True,True,True,True,0,excessive_repairs,Invalid Claim
CLM-00574,mobile_devices,12,12,348,water_damage,12,0,False,True,False,True,True,True,True,True,0,excluded_damage,Invalid Claim
CLM-01012,consumer_electronics,362,12,-2,power_supply,360,3,False,False,False,True,True,True,True,True,0,borderline_disagreement,Manual Review
CLM-00321,small_appliances,711,24,9,electrical,696,0,False,False,False,True,True,True,True,True,0,valid_near_expiry,Valid Claim
CLM-00015,consumer_electronics,352,12,8,battery,340,0,False,False,False,True,True,True,True,True,0,valid_near_expiry,Valid Claim
CLM-00043,mobile_devices,274,12,86,battery,232,0,False,False,False,True,True,True,True,True,0,normal_valid,Valid Claim
CLM-00028,consumer_electronics,88,12,272,power_supply,81,1,False,False,False,True,True,True,True,True,0,normal_valid,Valid Claim
CLM-00444,consumer_electronics,356,12,4,power_supply,347,0,False,False,False,True,True,True,True,True,0,valid_near_expiry,Valid Claim
CLM-00513,small_appliances,753,24,-33,controls,752,0,False,False,False,True,True,True,True,True,0,expired_warranty,Invalid Claim
CLM-01216,small_appliances,721,24,-1,manufacturing_defect,716,2,False,False,False,True,True,True,True,True,0,borderline_disagreement,Manual Review
CLM-00791,mobile_devices,127,12,233,charging_port,112,5,False,False,False,True,True,True,True,True,0,excessive_repairs,Invalid Claim
CLM-01490,small_appliances,496,24,224,manufacturing_defect,188,0,False,False,False,True,True,True,True,False,0,serial_mismatch,Valid Claim
CLM-00648,mobile_devices,379,12,-19,speaker_or_microphone,372,0,False,False,False,True,True,True,True,True,0,expired_warranty,Invalid Claim
CLM-00944,mobile_devices,140,12,220,charging_port,98,3,False,False,False,True,True,True,True,True,0,excessive_repairs,Invalid Claim
CLM-00394,consumer_electronics,181,12,179,power_supply,38,0,False,False,False,True,True,True,True,True,0,normal_valid,Valid Claim
CLM-00066,consumer_electronics,343,12,17,power_supply,330,0,False,False,False,True,True,True,True,True,0,valid_near_expiry,Valid Claim
CLM-00573,consumer_electronics,436,12,-76,battery,427,0,False,False,False,True,True,True,True,True,0,expired_warranty,Invalid Claim
CLM-00844,mobile_devices,92,12,268,lost_or_stolen,6,0,False,False,True,True,True,True,True,True,0,excluded_damage,Invalid Claim
CLM-00845,consumer_electronics,306,12,54,power_supply,199,4,True,False,False,True,True,True,True,True,0,excessive_repairs,Invalid Claim
CLM-01383,mobile_devices,306,12,54,speaker_or_microphone,-4,0,False,False,False,True,True,True,True,True,0,contradiction_bad_dates,Valid Claim
CLM-01153,small_appliances,522,24,198,electrical,116,0,False,False,False,True,True,False,True,True,1,missing_documents,Manual Review
CLM-01158,small_appliances,470,24,250,heating_element,325,0,False,False,False,True,True,True,True,False,0,serial_mismatch,Manual Review
CLM-01480,consumer_electronics,359,12,1,ports,359,3,False,False,False,True,False,True,True,True,0,borderline_disagreement,Manual Review
CLM-00045,small_appliances,712,24,8,motor_or_drive,704,0,False,False,False,True,True,True,True,True,0,valid_near_expiry,Valid Claim
CLM-01007,small_appliances,149,24,571,heating_element,-6,0,False,False,False,True,True,True,True,True,0,contradiction_bad_dates,Manual Review
CLM-00297,mobile_devices,345,12,15,speaker_or_microphone,341,0,False,False,False,True,True,True,True,True,0,valid_near_expiry,Valid Claim
CLM-01169,consumer_electronics,317,12,43,display,308,0,False,False,False,True,True,True,True,True,1,missing_documents,Manual Review
CLM-01335,small_appliances,545,24,175,manufacturing_defect,-8,0,False,False,False,True,True,True,True,True,0,contradiction_bad_dates,Manual Review
CLM-01171,consumer_electronics,35,12,325,power_supply,-3,0,False,False,False,True,True,True,True,True,0,contradiction_bad_dates,Manual Review
CLM-00923,consumer_electronics,229,12,131,motherboard,114,5,True,False,False,True,True,True,True,True,0,excessive_repairs,Invalid Claim
CLM-01402,consumer_electronics,174,12,186,motherboard,91,0,False,False,False,True,True,True,True,False,0,serial_mismatch,Manual Review
CLM-00013,small_appliances,380,24,340,electrical,296,1,False,False,False,True,True,True,True,True,0,normal_valid,Valid Claim
CLM-01274,small_appliances,658,24,62,manufacturing_defect,553,0,False,False,False,True,True,True,True,False,0,serial_mismatch,Manual Review
CLM-00453,mobile_devices,354,12,6,display,344,0,False,False,False,True,True,True,True,True,0,valid_near_expiry,Valid Claim
CLM-00628,small_appliances,228,24,492,consumables,161,0,False,True,False,True,True,True,True,True,0,excluded_damage,Invalid Claim
CLM-00261,consumer_electronics,340,12,20,power_supply,336,0,False,False,False,True,True,True,True,True,0,valid_near_expiry,Valid Claim
CLM-01424,mobile_devices,360,12,0,speaker_or_microphone,356,2,False,False,False,True,True,True,False,True,0,borderline_disagreement,Manual Review
CLM-01121,small_appliances,170,24,550,heating_element,5,0,False,False,False,True,True,False,True,True,2,missing_documents,Valid Claim
CLM-00016,mobile_devices,242,12,118,display,163,0,False,False,False,True,True,True,True,True,0,normal_valid,Valid Claim
CLM-00426,mobile_devices,345,12,15,manufacturing_defect,331,0,False,False,False,True,True,True,True,True,0,valid_near_expiry,Valid Claim
CLM-00466,small_appliances,157,24,563,heating_element,81,1,False,False,False,True,True,True,True,True,0,normal_valid,Valid Claim
CLM-00759,small_appliances,811,24,-91,motor_or_drive,809,0,False,False,False,True,True,True,True,True,0,expired_warranty,Invalid Claim
CLM-01478,small_appliances,124,24,596,motor_or_drive,10,0,False,False,False,True,True,True,True,False,0,serial_mismatch,Manual Review
CLM-00511,small_appliances,675,24,45,physical_damage,33,0,False,False,True,True,True,True,True,True,0,excluded_damage,Invalid Claim
CLM-01166,mobile_devices,265,12,95,speaker_or_microphone,3,0,False,False,False,True,True,True,True,False,0,serial_mismatch,Manual Review
CLM-00237,small_appliances,701,24,19,motor_or_drive,696,0,False,False,False,True,True,True,True,True,0,valid_near_expiry,Valid Claim
CLM-01132,consumer_electronics,360,12,0,power_supply,357,3,False,False,False,True,False,True,True,True,0,borderline_disagreement,Manual Review
CLM-01434,consumer_electronics,321,12,39,ports,100,0,False,False,False,True,True,True,True,False,0,serial_mismatch,Manual Review
CLM-01096,mobile_devices,360,12,0,camera,358,2,False,False,False,True,True,True,False,True,0,borderline_disagreement,Manual Review
CLM-01498,consumer_electronics,293,12,67,motherboard,209,0,False,False,False,True,True,True,True,False,0,serial_mismatch,Manual Review
CLM-01117,mobile_devices,270,12,90,display,51,0,False,False,False,False,True,True,True,True,2,missing_documents,Manual Review
CLM-00895,mobile_devices,78,12,282,software_issue,18,0,False,False,True,True,True,True,True,True,0,excluded_damage,Invalid Claim
CLM-00352,mobile_devices,298,12,62,camera,297,1,False,False,False,True,True,True,True,True,0,normal_valid,Valid Claim
CLM-00198,small_appliances,710,24,10,motor_or_drive,709,0,False,False,False,True,True,True,True,True,0,valid_near_expiry,Valid Claim
CLM-00985,mobile_devices,118,12,242,water_damage,20,0,False,True,False,True,True,True,True,True,0,excluded_damage,Invalid Claim
CLM-00582,small_appliances,750,24,-30,controls,742,0,False,False,False,True,True,True,True,True,0,expired_warranty,Invalid Claim
CLM-00780,mobile_devices,382,12,-22,speaker_or_microphone,374,0,False,False,False,True,True,True,True,True,0,expired_warranty,Invalid Claim
CLM-00584,mobile_devices,155,12,205,manufacturing_defect,92,5,False,False,False,True,True,True,True,True,0,excessive_repairs,Invalid Claim
CLM-00990,consumer_electronics,459,12,-99,display,451,0,False,False,False,True,True,True,True,True,0,expired_warranty,Invalid Claim
CLM-00736,mobile_devices,305,12,55,water_damage,116,0,False,False,True,True,True,True,True,True,0,excluded_damage,Invalid Claim
CLM-00356,mobile_devices,319,12,41,display,67,2,False,False,False,True,True,True,True,True,0,valid_with_repair_history,Valid Claim
CLM-01464,small_appliances,720,24,0,manufacturing_defect,715,2,False,False,False,True,False,True,True,True,0,borderline_disagreement,Manual Review
CLM-00285,small_appliances,708,24,12,controls,694,0,False,False,False,True,True,True,True,True,0,valid_near_expiry,Valid Claim
CLM-00919,mobile_devices,303,12,57,cracked_screen,282,0,False,True,False,True,True,True,True,True,0,excluded_damage,Invalid Claim
CLM-00964,consumer_electronics,153,12,207,misuse,36,0,False,True,False,True,True,True,True,True,0,excluded_damage,Invalid Claim
CLM-00207,consumer_electronics,357,12,3,manufacturing_defect,349,0,False,False,False,True,True,True,True,True,0,valid_near_expiry,Valid Claim
CLM-00247,consumer_electronics,160,12,200,motherboard,92,0,False,False,False,True,True,True,True,True,0,normal_valid,Valid Claim
CLM-00500,mobile_devices,164,12,196,speaker_or_microphone,135,2,False,False,False,True,True,True,True,True,0,valid_with_repair_history,Valid Claim
CLM-01238,mobile_devices,282,12,78,camera,237,0,False,False,False,True,True,True,True,False,0,serial_mismatch,Manual Review
CLM-00039,consumer_electronics,344,12,16,ports,331,0,False,False,False,True,True,True,True,True,0,valid_near_expiry,Valid Claim
CLM-01359,mobile_devices,330,12,30,charging_port,-11,0,False,False,False,True,True,True,True,True,0,contradiction_bad_dates,Manual Review
CLM-00916,small_appliances,271,24,449,misuse,3,0,False,False,True,True,True,True,True,True,0,excluded_damage,Invalid Claim
CLM-00432,consumer_electronics,340,12,20,manufacturing_defect,329,0,False,False,False,True,True,True,True,True,0,valid_near_expiry,Valid Claim
CLM-00647,small_appliances,507,24,213,electrical,403,3,True,False,False,True,True,True,True,True,0,excessive_repairs,Invalid Claim
CLM-00317,mobile_devices,219,12,141,battery,120,1,False,False,False,True,True,True,True,True,0,valid_with_repair_history,Valid Claim
CLM-00121,consumer_electronics,85,12,275,manufacturing_defect,84,0,False,False,False,True,True,True,True,True,0,normal_valid,Valid Claim
CLM-00084,consumer_electronics,349,12,11,manufacturing_defect,338,0,False,False,False,True,True,True,True,True,0,valid_near_expiry,Valid Claim
CLM-00295,consumer_electronics,145,12,215,power_supply,14,1,False,False,False,True,True,True,True,True,0,normal_valid,Valid Claim
CLM-01365,consumer_electronics,285,12,75,power_supply,91,0,False,False,False,True,True,True,True,True,1,missing_documents,Manual Review
CLM-01130,consumer_electronics,299,12,61,motherboard,81,0,False,False,False,True,True,True,True,False,0,serial_mismatch,Manual Review
CLM-00010,mobile_devices,59,12,301,display,23,1,False,False,False,True,True,True,True,True,0,normal_valid,Manual Review
CLM-01475,small_appliances,321,24,399,motor_or_drive,-1,0,False,False,False,True,True,True,True,True,0,contradiction_bad_dates,Manual Review
CLM-00308,consumer_electronics,280,12,80,power_supply,145,2,False,False,False,True,True,True,True,True,0,valid_with_repair_history,Valid Claim
CLM-00162,small_appliances,711,24,9,controls,711,0,False,False,False,True,True,True,True,True,0,valid_near_expiry,Valid Claim
CLM-01097,small_appliances,210,24,510,manufacturing_defect,144,0,False,False,False,False,True,True,True,True,1,missing_documents,Manual Review
CLM-00722,small_appliances,163,24,557,heating_element,116,4,True,False,False,True,True,True,True,True,0,excessive_repairs,Invalid Claim
CLM-01469,consumer_electronics,121,12,239,ports,20,0,False,False,False,False,True,True,True,True,1,missing_documents,Manual Review
CLM-00585,small_appliances,754,24,-34,electrical,746,0,False,False,False,True,True,True,True,True,0,expired_warranty,Invalid Claim
CLM-01291,small_appliances,363,24,357,heating_element,-1,0,False,False,False,True,True,True,True,True,0,contradiction_bad_dates,Manual Review
CLM-00088,small_appliances,161,24,559,electrical,111,0,False,False,False,True,True,True,True,True,0,normal_valid,Valid Claim
CLM-00936,consumer_electronics,480,12,-120,ports,476,0,False,False,False,True,True,True,True,True,0,expired_warranty,Invalid Claim
CLM-00181,mobile_devices,101,12,259,battery,39,1,False,False,False,True,True,True,True,True,0,normal_valid,Valid Claim
CLM-01271,mobile_devices,50,12,310,manufacturing_defect,-3,0,False,False,False,True,True,True,True,True,0,contradiction_bad_dates,Manual Review
CLM-00341,small_appliances,499,24,221,controls,323,2,False,False,False,True,True,True,True,True,0,valid_with_repair_history,Valid Claim
CLM-00903,mobile_devices,461,12,-101,display,459,0,False,False,False,True,True,True,True,True,0,expired_warranty,Invalid Claim
CLM-01163,consumer_electronics,224,12,136,motherboard,-5,0,False,False,False,True,True,True,True,True,0,contradiction_bad_dates,Manual Review
CLM-00947,consumer_electronics,81,12,279,ports,30,6,False,False,False,True,True,True,True,True,0,excessive_repairs,Invalid Claim
CLM-00600,small_appliances,776,24,-56,heating_element,768,0,False,False,False,True,True,True,True,True,0,expired_warranty,Invalid Claim
CLM-01442,consumer_electronics,237,12,123,battery,190,0,False,False,False,True,True,True,True,False,0,serial_mismatch,Manual Review
CLM-01318,mobile_devices,86,12,274,manufacturing_defect,84,0,False,False,False,True,True,True,True,False,0,serial_mismatch,Manual Review
CLM-00009,consumer_electronics,349,12,11,display,337,0,False,False,False,True,True,True,True,True,0,valid_near_expiry,Valid Claim
CLM-00304,mobile_devices,329,12,31,speaker_or_microphone,325,1,False,False,False,True,True,True,True,True,0,normal_valid,Valid Claim
CLM-01261,consumer_electronics,15,12,345,manufacturing_defect,2,0,False,False,False,False,True,True,True,True,1,missing_documents,Manual Review
CLM-00365,small_appliances,222,24,498,heating_element,123,2,False,False,False,True,True,True,True,True,0,valid_with_repair_history,Valid Claim
CLM-00023,small_appliances,382,24,338,controls,138,2,False,False,False,True,True,True,True,True,0,valid_with_repair_history,Valid Claim
CLM-00641,consumer_electronics,80,12,280,battery,33,6,True,False,False,True,True,True,True,True,0,excessive_repairs,Manual Review
CLM-00619,small_appliances,249,24,471,consumables,110,0,False,True,False,True,True,True,True,True,0,excluded_damage,Invalid Claim
CLM-00469,mobile_devices,240,12,120,charging_port,64,0,False,False,False,True,True,True,True,True,0,normal_valid,Valid Claim
CLM-01373,small_appliances,475,24,245,controls,92,0,False,False,False,False,True,False,True,True,2,missing_documents,Valid Claim
CLM-01438,mobile_devices,318,12,42,speaker_or_microphone,310,0,False,False,False,True,True,True,True,False,0,serial_mismatch,Manual Review
CLM-00663,consumer_electronics,452,12,-92,display,447,0,False,False,False,True,True,True,True,True,0,expired_warranty,Invalid Claim
CLM-00397,consumer_electronics,141,12,219,power_supply,56,1,False,False,False,True,True,True,True,True,0,normal_valid,Valid Claim
CLM-00411,consumer_electronics,358,12,2,ports,354,0,False,False,False,True,True,True,True,True,0,valid_near_expiry,Valid Claim
CLM-00568,small_appliances,127,24,593,misuse,3,0,False,True,False,True,True,True,True,True,0,excluded_damage,Invalid Claim
CLM-00980,mobile_devices,253,12,107,speaker_or_microphone,123,5,False,False,False,True,True,True,True,True,0,excessive_repairs,Invalid Claim
CLM-00900,small_appliances,822,24,-102,manufacturing_defect,816,0,False,False,False,True,True,True,True,True,0,expired_warranty,Invalid Claim
CLM-00774,consumer_electronics,422,12,-62,motherboard,418,0,False,False,False,True,True,True,True,True,0,expired_warranty,Invalid Claim
CLM-00350,mobile_devices,161,12,199,speaker_or_microphone,74,1,False,False,False,True,True,True,True,True,0,valid_with_repair_history,Valid Claim
CLM-00534,mobile_devices,475,12,-115,battery,469,0,False,False,False,True,True,True,True,True,0,expired_warranty,Invalid Claim
CLM-01038,small_appliances,167,24,553,motor_or_drive,138,0,False,False,False,True,True,True,True,False,0,serial_mismatch,Manual Review
CLM-00560,mobile_devices,173,12,187,manufacturing_defect,160,5,False,False,False,True,True,True,True,True,0,excessive_repairs,Invalid Claim
CLM-00675,consumer_electronics,493,12,-133,battery,485,0,False,False,False,True,True,True,True,True,0,expired_warranty,Invalid Claim
CLM-00188,consumer_electronics,137,12,223,ports,49,2,False,False,False,True,True,True,True,True,0,valid_with_repair_history,Valid Claim
CLM-01423,small_appliances,139,24,581,heating_element,-8,0,False,False,False,True,True,True,True,True,0,contradiction_bad_dates,Manual Review
CLM-01220,consumer_electronics,361,12,-1,display,356,3,False,False,False,True,False,True,True,True,0,borderline_disagreement,Manual Review
CLM-01327,consumer_electronics,206,12,154,power_supply,-11,0,False,False,False,True,True,True,True,True,0,contradiction_bad_dates,Manual Review
CLM-01336,consumer_electronics,360,12,0,display,355,3,False,False,False,True,True,False,True,True,0,borderline_disagreement,Manual Review
CLM-01368,mobile_devices,362,12,-2,manufacturing_defect,358,2,False,False,False,True,True,True,False,True,0,borderline_disagreement,Manual Review
CLM-00832,small_appliances,183,24,537,misuse,32,0,False,True,False,True,True,True,True,True,0,excluded_damage,Invalid Claim
CLM-00684,consumer_electronics,436,12,-76,battery,432,0,False,False,False,True,True,True,True,True,0,expired_warranty,Invalid Claim
CLM-00017,mobile_devices,241,12,119,manufacturing_defect,83,2,False,False,False,True,True,True,True,True,0,valid_with_repair_history,Valid Claim
CLM-01015,consumer_electronics,158,12,202,manufacturing_defect,-2,0,False,False,False,True,True,True,True,True,0,contradiction_bad_dates,Manual Review
CLM-00746,mobile_devices,305,12,55,battery,132,3,True,False,False,True,True,True,True,True,0,excessive_repairs,Invalid Claim
CLM-00655,consumer_electronics,264,12,96,misuse,234,0,False,False,True,True,True,True,True,True,0,excluded_damage,Invalid Claim
CLM-01488,consumer_electronics,360,12,0,power_supply,360,3,False,False,False,True,True,True,True,True,0,borderline_disagreement,Manual Review
CLM-01324,consumer_electronics,361,12,-1,manufacturing_defect,358,3,False,False,False,True,True,True,True,True,0,borderline_disagreement,Manual Review
CLM-00789,small_appliances,760,24,-40,electrical,750,0,False,False,False,True,True,True,True,True,0,expired_warranty,Invalid Claim
CLM-01083,small_appliances,600,24,120,motor_or_drive,-14,0,False,False,False,True,True,True,True,True,0,contradiction_bad_dates,Manual Review
CLM-00589,small_appliances,678,24,42,commercial_use,507,0,False,False,True,True,True,True,True,True,0,excluded_damage,Invalid Claim
CLM-00850,consumer_electronics,99,12,261,screen_burn_in,6,0,False,False,True,True,True,True,True,True,0,excluded_damage,Invalid Claim
CLM-00133,consumer_electronics,42,12,318,battery,27,0,False,False,False,True,True,True,True,True,0,normal_valid,Valid Claim
CLM-01026,small_appliances,264,24,456,controls,198,0,False,False,False,True,True,True,True,False,0,serial_mismatch,Manual Review
CLM-01002,small_appliances,477,24,243,manufacturing_defect,324,0,False,False,False,True,True,True,True,False,0,serial_mismatch,Manual Review
CLM-00338,small_appliances,295,24,425,manufacturing_defect,286,2,False,False,False,True,True,True,True,True,0,valid_with_repair_history,Valid Claim
CLM-00105,consumer_electronics,343,12,17,motherboard,334,0,False,False,False,True,True,True,True,True,0,valid_near_expiry,Valid Claim
CLM-00920,small_appliances,385,24,335,electrical,299,3,False,False,False,True,True,True,True,True,0,excessive_repairs,Invalid Claim
CLM-01440,small_appliances,722,24,-2,controls,719,2,False,False,False,True,True,True,True,True,0,borderline_disagreement,Manual Review
CLM-01375,mobile_devices,113,12,247,charging_port,-6,0,False,False,False,True,True,True,True,True,0,contradiction_bad_dates,Manual Review
CLM-00138,mobile_devices,352,12,8,camera,345,0,False,False,False,True,True,True,True,True,0,valid_near_expiry,Valid Claim
CLM-00681,consumer_electronics,396,12,-36,display,387,0,False,False,False,True,True,True,True,True,0,expired_warranty,Invalid Claim
CLM-00213,consumer_electronics,349,12,11,manufacturing_defect,347,0,False,False,False,True,True,True,True,True,0,valid_near_expiry,Valid Claim
CLM-00868,consumer_electronics,90,12,270,software_issue,65,0,False,False,True,True,True,True,True,True,0,excluded_damage,Invalid Claim
CLM-01449,small_appliances,150,24,570,electrical,52,0,False,False,False,True,True,False,True,True,2,missing_documents,Manual Review
CLM-00545,small_appliances,265,24,455,heating_element,152,3,False,False,False,True,True,True,True,True,0,excessive_repairs,Invalid Claim
CLM-00038,mobile_devices,182,12,178,charging_port,44,1,False,False,False,True,True,True,True,True,0,valid_with_repair_history,Valid Claim
CLM-00566,mobile_devices,303,12,57,camera,79,5,False,False,False,True,True,True,True,True,0,excessive_repairs,Invalid Claim
CLM-00576,mobile_devices,390,12,-30,battery,383,0,False,False,False,True,True,True,True,True,0,expired_warranty,Invalid Claim
CLM-00210,mobile_devices,351,12,9,speaker_or_microphone,341,0,False,False,False,True,True,True,True,True,0,valid_near_expiry,Valid Claim
CLM-00092,consumer_electronics,150,12,210,battery,142,1,False,False,False,True,True,True,True,True,0,valid_with_repair_history,Valid Claim
CLM-00155,mobile_devices,161,12,199,speaker_or_microphone,49,1,False,False,False,True,True,True,True,True,0,valid_with_repair_history,Valid Claim
CLM-01396,consumer_electronics,359,12,1,motherboard,358,3,False,False,False,True,False,True,True,True,0,borderline_disagreement,Manual Review
CLM-00559,mobile_devices,230,12,130,physical_damage,28,0,False,True,False,True,True,True,True,True,0,excluded_damage,Invalid Claim
CLM-01282,mobile_devices,258,12,102,charging_port,43,0,False,False,False,True,True,True,True,False,0,serial_mismatch,Manual Review
CLM-00175,small_appliances,573,24,147,heating_element,339,1,False,False,False,True,True,True,True,True,0,normal_valid,Valid Claim
CLM-01332,consumer_electronics,361,12,-1,ports,359,3,False,False,False,True,True,True,False,True,0,borderline_disagreement,Manual Review
CLM-00837,consumer_electronics,467,12,-107,manufacturing_defect,457,0,False,False,False,True,True,True,True,True,0,expired_warranty,Invalid Claim
CLM-00751,consumer_electronics,144,12,216,software_issue,113,0,False,False,True,True,True,True,True,True,0,excluded_damage,Invalid Claim
CLM-01247,mobile_devices,41,12,319,charging_port,-2,0,False,False,False,True,True,True,True,True,0,contradiction_bad_dates,Manual Review
CLM-00725,consumer_electronics,149,12,211,motherboard,78,6,False,False,False,True,True,True,True,True,0,excessive_repairs,Invalid Claim
CLM-01033,mobile_devices,17,12,343,display,6,0,False,False,False,False,True,True,True,True,3,missing_documents,Manual Review
CLM-00258,small_appliances,710,24,10,motor_or_drive,704,0,False,False,False,True,True,True,True,True,0,valid_near_expiry,Valid Claim
CLM-00526,consumer_electronics,309,12,51,physical_damage,195,0,False,False,True,True,True,True,True,True,0,excluded_damage,Invalid Claim
CLM-01109,small_appliances,226,24,494,manufacturing_defect,53,0,False,False,False,True,True,False,True,True,2,missing_documents,Manual Review
CLM-01460,mobile_devices,362,12,-2,charging_port,362,2,False,False,False,True,True,True,True,True,0,borderline_disagreement,Manual Review
CLM-01022,mobile_devices,247,12,113,battery,179,0,False,False,False,True,True,True,True,False,0,serial_mismatch,Manual Review
CLM-00957,small_appliances,816,24,-96,manufacturing_defect,812,0,False,False,False,True,True,True,True,True,0,expired_warranty,Invalid Claim
CLM-01333,consumer_electronics,28,12,332,display,11,0,False,False,False,False,True,True,True,True,2,missing_documents,Manual Review
CLM-00391,mobile_devices,23,12,337,battery,14,0,False,False,False,True,True,True,True,True,0,normal_valid,Valid Claim
CLM-00430,small_appliances,458,24,262,electrical,18,0,False,False,False,True,True,True,True,True,0,normal_valid,Valid Claim
CLM-01073,mobile_devices,291,12,69,display,131,0,False,False,False,True,True,True,True,True,2,missing_documents,Manual Review
CLM-00434,small_appliances,200,24,520,heating_element,165,2,False,False,False,True,True,True,True,True,0,valid_with_repair_history,Valid Claim
CLM-00325,small_appliances,553,24,167,controls,221,0,False,False,False,True,True,True,True,True,0,normal_valid,Valid Claim
CLM-01071,small_appliances,450,24,270,heating_element,-14,0,False,False,False,True,True,True,True,True,0,contradiction_bad_dates,Manual Review
CLM-00762,small_appliances,750,24,-30,heating_element,741,0,False,False,False,True,True,True,True,True,0,expired_warranty,Invalid Claim
CLM-01290,small_appliances,662,24,58,electrical,172,0,False,False,False,True,True,True,True,False,0,serial_mismatch,Manual Review
CLM-00644,mobile_devices,102,12,258,battery,69,5,False,False,False,True,True,True,True,True,0,excessive_repairs,Invalid Claim
CLM-00596,consumer_electronics,186,12,174,display,106,5,True,False,False,True,True,True,True,True,0,excessive_repairs,Invalid Claim
CLM-00822,consumer_electronics,447,12,-87,manufacturing_defect,444,0,False,False,False,True,True,True,True,True,0,expired_warranty,Invalid Claim
CLM-00450,mobile_devices,345,12,15,charging_port,341,0,False,False,False,True,True,True,True,True,0,valid_near_expiry,Valid Claim
CLM-01023,mobile_devices,51,12,309,charging_port,-14,0,False,False,False,True,True,True,True,True,0,contradiction_bad_dates,Manual Review
CLM-00846,consumer_electronics,393,12,-33,manufacturing_defect,384,0,False,False,False,True,True,True,True,True,0,expired_warranty,Invalid Claim
CLM-00080,small_appliances,219,24,501,heating_element,99,1,False,False,False,True,True,True,True,True,0,valid_with_repair_history,Valid Claim
CLM-00114,small_appliances,713,24,7,electrical,713,0,False,False,False,True,True,True,True,True,0,valid_near_expiry,Valid Claim
CLM-01123,small_appliances,273,24,447,controls,-15,0,False,False,False,True,True,True,True,True,0,contradiction_bad_dates,Manual Review
CLM-00805,mobile_devices,123,12,237,lost_or_stolen,88,0,False,False,True,True,True,True,True,True,0,excluded_damage,Invalid Claim
CLM-00601,small_appliances,561,24,159,misuse,173,0,False,False,True,True,True,True,True,True,0,excluded_damage,Invalid Claim
CLM-00885,consumer_electronics,488,12,-128,power_supply,482,0,False,False,False,True,True,True,True,True,0,expired_warranty,Invalid Claim
CLM-00034,consumer_electronics,330,12,30,manufacturing_defect,153,1,False,False,False,True,True,True,True,True,0,normal_valid,Valid Claim
CLM-00478,consumer_electronics,65,12,295,power_supply,56,0,False,False,False,True,True,True,True,True,0,normal_valid,Valid Claim
CLM-00284,consumer_electronics,245,12,115,manufacturing_defect,55,2,False,False,False,True,True,True,True,True,0,valid_with_repair_history,Valid Claim
CLM-00771,consumer_electronics,458,12,-98,manufacturing_defect,449,0,False,False,False,True,True,True,True,True,0,expired_warranty,Invalid Claim
CLM-01441,consumer_electronics,155,12,205,motherboard,89,0,False,False,False,False,True,True,True,True,2,missing_documents,Manual Review
CLM-00869,consumer_electronics,98,12,262,motherboard,92,4,False,False,False,True,True,True,True,True,0,excessive_repairs,Invalid Claim
CLM-01317,consumer_electronics,27,12,333,display,3,0,False,False,False,False,True,True,True,True,2,missing_documents,Manual Review
CLM-00065,consumer_electronics,304,12,56,ports,287,1,False,False,False,True,True,True,True,True,0,valid_with_repair_history,Valid Claim
CLM-01150,mobile_devices,246,12,114,camera,43,0,False,False,False,True,True,True,True,False,0,serial_mismatch,Manual Review
CLM-01047,mobile_devices,242,12,118,manufacturing_defect,-1,0,False,False,False,True,True,True,True,True,0,contradiction_bad_dates,Manual Review
CLM-01431,small_appliances,500,24,220,motor_or_drive,-15,0,False,False,False,True,True,True,True,True,0,contradiction_bad_dates,Manual Review
CLM-01407,consumer_electronics,51,12,309,power_supply,-7,0,False,False,False,True,True,True,True,True,0,contradiction_bad_dates,Valid Claim
CLM-01384,consumer_electronics,359,12,1,display,357,3,False,False,False,True,False,True,True,True,0,borderline_disagreement,Manual Review
CLM-00839,small_appliances,592,24,128,manufacturing_defect,306,5,False,False,False,True,True,True,True,True,0,excessive_repairs,Invalid Claim
CLM-00061,mobile_devices,145,12,215,display,117,0,False,False,False,True,True,True,True,True,0,normal_valid,Valid Claim
CLM-00971,mobile_devices,317,12,43,manufacturing_defect,35,3,False,False,False,True,True,True,True,True,0,excessive_repairs,Invalid Claim
CLM-01447,consumer_electronics,219,12,141,motherboard,-11,0,False,False,False,True,True,True,True,True,0,contradiction_bad_dates,Manual Review
CLM-00231,consumer_electronics,345,12,15,motherboard,345,0,False,False,False,True,True,True,True,True,0,valid_near_expiry,Valid Claim
CLM-01416,mobile_devices,362,12,-2,display,360,2,False,False,False,True,True,True,False,True,0,borderline_disagreement,Valid Claim
CLM-00206,small_appliances,100,24,620,heating_element,85,2,False,False,False,True,True,True,True,True,0,valid_with_repair_history,Valid Claim
CLM-00697,consumer_electronics,96,12,264,software_issue,74,0,False,False,True,True,True,True,True,True,0,excluded_damage,Invalid Claim
CLM-00931,consumer_electronics,59,12,301,misuse,11,0,False,True,False,True,True,True,True,True,0,excluded_damage,Invalid Claim
CLM-00493,small_appliances,122,24,598,manufacturing_defect,54,0,False,False,False,True,True,True,True,True,0,normal_valid,Valid Claim
CLM-00112,small_appliances,10,24,710,heating_element,5,0,False,False,False,True,True,True,True,True,0,normal_valid,Valid Claim
CLM-01296,mobile_devices,361,12,-1,manufacturing_defect,360,2,False,False,False,True,False,True,True,True,0,borderline_disagreement,Manual Review
CLM-00928,mobile_devices,286,12,74,physical_damage,145,0,False,False,True,True,True,True,True,True,0,excluded_damage,Invalid Claim
CLM-00485,mobile_devices,133,12,227,speaker_or_microphone,55,2,False,False,False,True,True,True,True,True,0,valid_with_repair_history,Valid Claim
CLM-01391,mobile_devices,80,12,280,manufacturing_defect,-14,0,False,False,False,True,True,True,True,True,0,contradiction_bad_dates,Manual Review
CLM-00186,mobile_devices,356,12,4,camera,343,0,False,False,False,True,True,True,True,True,0,valid_near_expiry,Valid Claim
CLM-00683,mobile_devices,268,12,92,speaker_or_microphone,60,4,False,False,False,True,True,True,True,True,0,excessive_repairs,Invalid Claim
CLM-00398,small_appliances,683,24,37,controls,570,1,False,False,False,True,True,True,True,True,0,valid_with_repair_history,Valid Claim
CLM-00769,small_appliances,362,24,358,misuse,211,0,False,False,True,True,True,True,True,True,0,excluded_damage,Invalid Claim
CLM-00577,mobile_devices,260,12,100,lost_or_stolen,161,0,False,False,True,True,True,True,True,True,0,excluded_damage,Invalid Claim
CLM-00033,small_appliances,711,24,9,manufacturing_defect,701,0,False,False,False,True,True,True,True,True,0,valid_near_expiry,Valid Claim
CLM-00570,consumer_electronics,421,12,-61,battery,413,0,False,False,False,True,True,True,True,True,0,expired_warranty,Invalid Claim
CLM-01389,small_appliances,102,24,618,controls,3,0,False,False,False,False,True,False,True,True,2,missing_documents,Manual Review
CLM-00968,small_appliances,212,24,508,controls,123,3,False,False,False,True,True,True,True,True,0,excessive_repairs,Invalid Claim
CLM-00952,small_appliances,482,24,238,cosmetic_wear,331,0,False,True,False,True,True,True,True,True,0,excluded_damage,Invalid Claim
CLM-00554,mobile_devices,305,12,55,speaker_or_microphone,235,5,False,False,False,True,True,True,True,True,0,excessive_repairs,Invalid Claim
CLM-01024,consumer_electronics,361,12,-1,display,359,3,False,False,False,True,True,True,False,True,0,borderline_disagreement,Manual Review
CLM-00223,consumer_electronics,292,12,68,display,209,0,False,False,False,True,True,True,True,True,0,normal_valid,Valid Claim
CLM-01263,consumer_electronics,53,12,307,manufacturing_defect,-3,0,False,False,False,True,True,True,True,True,0,contradiction_bad_dates,Manual Review
CLM-01060,small_appliances,722,24,-2,motor_or_drive,719,2,False,False,False,True,True,True,False,True,0,borderline_disagreement,Manual Review
CLM-01358,mobile_devices,286,12,74,charging_port,260,0,False,False,False,True,True,True,True,False,0,serial_mismatch,Manual Review
CLM-00539,mobile_devices,307,12,53,display,69,4,False,False,False,True,True,True,True,True,0,excessive_repairs,Invalid Claim
CLM-00372,mobile_devices,342,12,18,manufacturing_defect,339,0,False,False,False,True,True,True,True,True,0,valid_near_expiry,Valid Claim
CLM-00197,mobile_devices,209,12,151,charging_port,38,2,False,False,False,True,True,True,True,True,0,valid_with_repair_history,Valid Claim
CLM-00128,consumer_electronics,201,12,159,battery,163,3,False,False,False,True,True,True,True,True,0,valid_with_repair_history,Valid Claim
CLM-00315,small_appliances,709,24,11,controls,697,0,False,False,False,True,True,True,True,True,0,valid_near_expiry,Invalid Claim
CLM-00739,mobile_devices,92,12,268,lost_or_stolen,10,0,False,True,False,True,True,True,True,True,0,excluded_damage,Invalid Claim
CLM-00219,consumer_electronics,353,12,7,ports,346,0,False,False,False,True,True,True,True,True,0,valid_near_expiry,Valid Claim
CLM-00306,mobile_devices,343,12,17,battery,341,0,False,False,False,True,True,True,True,True,0,valid_near_expiry,Manual Review
CLM-00818,mobile_devices,150,12,210,manufacturing_defect,70,3,True,False,False,True,True,True,True,True,0,excessive_repairs,Invalid Claim
CLM-01487,small_appliances,79,24,641,manufacturing_defect,-2,0,False,False,False,True,True,True,True,True,0,contradiction_bad_dates,Manual Review
CLM-00086,mobile_devices,64,12,296,battery,37,1,False,False,False,True,True,True,True,True,0,valid_with_repair_history,Valid Claim
CLM-00169,consumer_electronics,274,12,86,display,98,0,False,False,False,True,True,True,True,True,0,normal_valid,Valid Claim
CLM-01082,mobile_devices,257,12,103,camera,89,0,False,False,False,True,True,True,True,False,0,serial_mismatch,Manual Review
CLM-00057,small_appliances,716,24,4,manufacturing_defect,702,0,False,False,False,True,True,True,True,True,0,valid_near_expiry,Invalid Claim
CLM-01353,mobile_devices,277,12,83,camera,231,0,False,False,False,True,True,True,True,True,1,missing_documents,Manual Review
CLM-00388,consumer_electronics,274,12,86,motherboard,64,0,False,False,False,True,True,True,True,True,0,normal_valid,Valid Claim
CLM-01379,consumer_electronics,305,12,55,power_supply,-9,0,False,False,False,True,True,True,True,True,0,contradiction_bad_dates,Manual Review
CLM-00823,mobile_devices,17,12,343,lost_or_stolen,11,0,False,True,False,True,True,True,True,True,0,excluded_damage,Invalid Claim
CLM-00733,mobile_devices,65,12,295,physical_damage,1,0,False,False,True,True,True,True,True,True,0,excluded_damage,Invalid Claim
CLM-00036,small_appliances,703,24,17,manufacturing_defect,688,0,False,False,False,True,True,True,True,True,0,valid_near_expiry,Valid Claim
CLM-00438,consumer_electronics,340,12,20,manufacturing_defect,334,0,False,False,False,True,True,True,True,True,0,valid_near_expiry,Valid Claim
CLM-00599,consumer_electronics,131,12,229,power_supply,130,4,False,False,False,True,True,True,True,True,0,excessive_repairs,Invalid Claim
CLM-00994,consumer_electronics,120,12,240,misuse,58,0,False,False,True,True,True,True,True,True,0,excluded_damage,Invalid Claim
CLM-00542,mobile_devices,63,12,297,display,55,5,False,False,False,True,True,True,True,True,0,excessive_repairs,Invalid Claim
CLM-00927,mobile_devices,466,12,-106,camera,465,0,False,False,False,True,True,True,True,True,0,expired_warranty,Invalid Claim
CLM-01077,consumer_electronics,151,12,209,ports,142,0,False,False,False,False,True,True,True,True,1,missing_documents,Manual Review
CLM-01209,mobile_devices,269,12,91,camera,13,0,False,False,False,False,True,True,True,True,3,missing_documents,Manual Review
CLM-00865,small_appliances,643,24,77,commercial_use,98,0,False,True,False,True,True,True,True,True,0,excluded_damage,Invalid Claim
CLM-01354,small_appliances,48,24,672,electrical,39,0,False,False,False,True,True,True,True,False,0,serial_mismatch,Manual Review
CLM-01273,small_appliances,634,24,86,electrical,91,0,False,False,False,False,True,True,True,True,2,missing_documents,Manual Review
CLM-00549,small_appliances,755,24,-35,manufacturing_defect,745,0,False,False,False,True,True,True,True,True,0,expired_warranty,Invalid Claim
CLM-01122,consumer_electronics,266,12,94,display,142,0,False,False,False,True,True,True,True,False,0,serial_mismatch,Manual Review
CLM-00564,consumer_electronics,393,12,-33,motherboard,391,0,False,False,False,True,True,True,True,True,0,expired_warranty,Invalid Claim
CLM-01468,mobile_devices,362,12,-2,display,360,2,False,False,False,True,False,True,True,True,0,borderline_disagreement,Manual Review
CLM-00264,mobile_devices,345,12,15,speaker_or_microphone,331,0,False,False,False,True,True,True,True,True,0,valid_near_expiry,Valid Claim
CLM-00008,small_appliances,492,24,228,heating_element,204,1,False,False,False,True,True,True,True,True,0,valid_with_repair_history,Valid Claim
CLM-00871,small_appliances,668,24,52,commercial_use,388,0,False,True,False,True,True,True,True,True,0,excluded_damage,Invalid Claim
CLM-00999,consumer_electronics,404,12,-44,ports,396,0,False,False,False,True,True,True,True,True,0,expired_warranty,Invalid Claim
CLM-00101,consumer_electronics,195,12,165,display,39,3,False,False,False,True,True,True,True,True,0,valid_with_repair_history,Valid Claim
CLM-00479,small_appliances,434,24,286,controls,421,2,False,False,False,True,True,True,True,True,0,valid_with_repair_history,Valid Claim
CLM-00035,small_appliances,263,24,457,heating_element,69,1,False,False,False,True,True,True,True,True,0,valid_with_repair_history,Manual Review
CLM-00076,mobile_devices,155,12,205,camera,41,1,False,False,False,True,True,True,True,True,0,normal_valid,Valid Claim
CLM-00813,small_appliances,741,24,-21,electrical,734,0,False,False,False,True,True,True,True,True,0,expired_warranty,Invalid Claim
CLM-00378,small_appliances,703,24,17,heating_element,689,0,False,False,False,True,True,True,True,True,0,valid_near_expiry,Valid Claim
CLM-00385,mobile_devices,205,12,155,speaker_or_microphone,129,0,False,False,False,True,True,True,True,True,0,normal_valid,Valid Claim
CLM-01128,small_appliances,720,24,0,electrical,716,2,False,False,False,True,True,True,False,True,0,borderline_disagreement,Manual Review
CLM-00896,small_appliances,620,24,100,manufacturing_defect,351,5,True,False,False,True,True,True,True,True,0,excessive_repairs,Invalid Claim
CLM-00044,consumer_electronics,92,12,268,display,51,3,False,False,False,True,True,True,True,True,0,valid_with_repair_history,Valid Claim
CLM-01462,consumer_electronics,158,12,202,ports,75,0,False,False,False,True,True,True,True,False,0,serial_mismatch,Manual Review
CLM-01234,mobile_devices,25,12,335,camera,3,0,False,False,False,True,True,True,True,False,0,serial_mismatch,Manual Review
CLM-00514,mobile_devices,179,12,181,physical_damage,145,0,False,True,False,True,True,True,True,True,0,excluded_damage,Invalid Claim
CLM-01450,consumer_electronics,164,12,196,motherboard,150,0,False,False,False,True,True,True,True,False,0,serial_mismatch,Manual Review
CLM-00512,mobile_devices,253,12,107,camera,171,3,False,False,False,True,True,True,True,True,0,excessive_repairs,Invalid Claim
CLM-01116,consumer_electronics,361,12,-1,battery,361,3,False,False,False,True,True,False,True,True,0,borderline_disagreement,Manual Review
CLM-00608,small_appliances,437,24,283,controls,262,4,False,False,False,True,True,True,True,True,0,excessive_repairs,Invalid Claim
CLM-00100,small_appliances,349,24,371,motor_or_drive,15,0,False,False,False,True,True,True,True,True,0,normal_valid,Valid Claim
CLM-00801,small_appliances,783,24,-63,heating_element,773,0,False,False,False,True,True,True,True,True,0,expired_warranty,Invalid Claim
CLM-01101,consumer_electronics,174,12,186,ports,89,0,False,False,False,True,True,True,True,True,1,missing_documents,Manual Review
CLM-01032,consumer_electronics,359,12,1,manufacturing_defect,355,3,False,False,False,True,True,True,False,True,0,borderline_disagreement,Manual Review
CLM-00764,small_appliances,393,24,327,manufacturing_defect,171,4,False,False,False,True,True,True,True,True,0,excessive_repairs,Invalid Claim
CLM-01004,small_appliances,721,24,-1,controls,718,2,False,False,False,True,True,True,False,True,0,borderline_disagreement,Manual Review
CLM-00180,consumer_electronics,353,12,7,power_supply,347,0,False,False,False,True,True,True,True,True,0,valid_near_expiry,Valid Claim
CLM-00345,mobile_devices,341,12,19,speaker_or_microphone,338,0,False,False,False,True,True,True,True,True,0,valid_near_expiry,Valid Claim
CLM-01173,small_appliances,601,24,119,heating_element,306,0,False,False,False,False,True,True,True,True,1,missing_documents,Manual Review
CLM-00187,mobile_devices,47,12,313,manufacturing_defect,37,1,False,False,False,True,True,True,True,True,0,normal_valid,Manual Review
CLM-00617,mobile_devices,102,12,258,manufacturing_defect,77,5,True,False,False,True,True,True,True,True,0,excessive_repairs,Valid Claim
CLM-00943,mobile_devices,234,12,126,software_issue,98,0,False,True,False,True,True,True,True,True,0,excluded_damage,Invalid Claim
CLM-00821,small_appliances,499,24,221,controls,236,4,False,False,False,True,True,True,True,True,0,excessive_repairs,Invalid Claim
CLM-01198,mobile_devices,284,12,76,camera,172,0,False,False,False,True,True,True,True,False,0,serial_mismatch,Manual Review
CLM-00098,consumer_electronics,264,12,96,motherboard,114,1,False,False,False,True,True,True,True,True,0,valid_with_repair_history,Valid Claim
CLM-00685,mobile_devices,71,12,289,water_damage,12,0,False,False,True,True,True,True,True,True,0,excluded_damage,Invalid Claim
CLM-00679,consumer_electronics,159,12,201,screen_burn_in,67,0,False,False,True,True,True,True,True,True,0,excluded_damage,Invalid Claim
CLM-00946,mobile_devices,201,12,159,lost_or_stolen,3,0,False,True,False,True,True,True,True,True,0,excluded_damage,Invalid Claim
CLM-00002,consumer_electronics,131,12,229,display,124,3,False,False,False,True,True,True,True,True,0,valid_with_repair_history,Valid Claim
CLM-00876,small_appliances,813,24,-93,manufacturing_defect,809,0,False,False,False,True,True,True,True,True,0,expired_warranty,Invalid Claim
CLM-01470,small_appliances,638,24,82,manufacturing_defect,539,0,False,False,False,True,True,True,True,False,0,serial_mismatch,Manual Review
CLM-01182,small_appliances,654,24,66,motor_or_drive,542,0,False,False,False,True,True,True,True,False,0,serial_mismatch,Manual Review
CLM-01334,mobile_devices,70,12,290,manufacturing_defect,28,0,False,False,False,True,True,True,True,False,0,serial_mismatch,Manual Review
CLM-01190,mobile_devices,189,12,171,manufacturing_defect,144,0,False,False,False,True,True,True,True,False,0,serial_mismatch,Manual Review
CLM-00749,small_appliances,331,24,389,manufacturing_defect,76,4,True,False,False,True,True,True,True,True,0,excessive_repairs,Invalid Claim
CLM-00792,consumer_electronics,411,12,-51,motherboard,402,0,False,False,False,True,True,True,True,True,0,expired_warranty,Invalid Claim
CLM-01355,small_appliances,521,24,199,motor_or_drive,-10,0,False,False,False,True,True,True,True,True,0,contradiction_bad_dates,Manual Review
CLM-01086,consumer_electronics,318,12,42,manufacturing_defect,6,0,False,False,False,True,True,True,True,False,0,serial_mismatch,Manual Review
CLM-00184,consumer_electronics,16,12,344,battery,10,0,False,False,False,True,True,True,True,True,0,normal_valid,Valid Claim
CLM-01404,consumer_electronics,361,12,-1,battery,358,3,False,False,False,True,True,True,False,True,0,borderline_disagreement,Manual Review
CLM-00289,small_appliances,220,24,500,manufacturing_defect,18,0,False,False,False,True,True,True,True,True,0,normal_valid,Valid Claim
CLM-00078,small_appliances,702,24,18,motor_or_drive,696,0,False,False,False,True,True,True,True,True,0,valid_near_expiry,Valid Claim
CLM-00302,small_appliances,514,24,206,motor_or_drive,67,2,False,False,False,True,True,True,True,True,0,valid_with_repair_history,Valid Claim
CLM-01211,consumer_electronics,60,12,300,ports,-14,0,False,False,False,True,True,True,True,True,0,contradiction_bad_dates,Manual Review
CLM-00799,small_appliances,342,24,378,misuse,142,0,False,False,True,True,True,True,True,True,0,excluded_damage,Invalid Claim
CLM-01276,small_appliances,719,24,1,controls,717,2,False,False,False,True,True,True,False,True,0,borderline_disagreement,Manual Review
CLM-00320,small_appliances,291,24,429,manufacturing_defect,249,1,False,False,False,True,True,True,True,True,0,valid_with_repair_history,Manual Review
CLM-00174,mobile_devices,342,12,18,camera,338,0,False,False,False,True,True,True,True,True,0,valid_near_expiry,Valid Claim
CLM-00705,small_appliances,832,24,-112,heating_element,825,0,False,False,False,True,True,True,True,True,0,expired_warranty,Invalid Claim
CLM-00713,small_appliances,427,24,293,motor_or_drive,332,5,False,False,False,True,True,True,True,True,0,excessive_repairs,Invalid Claim
CLM-00624,small_appliances,835,24,-115,motor_or_drive,834,0,False,False,False,True,True,True,True,True,0,expired_warranty,Invalid Claim
CLM-00531,consumer_electronics,434,12,-74,ports,427,0,False,False,False,True,True,True,True,True,0,expired_warranty,Invalid Claim
CLM-00830,mobile_devices,69,12,291,charging_port,44,5,False,False,False,True,True,True,True,True,0,excessive_repairs,Invalid Claim
CLM-00970,mobile_devices,266,12,94,physical_damage,262,0,False,False,True,True,True,True,True,True,0,excluded_damage,Invalid Claim
CLM-00969,small_appliances,825,24,-105,electrical,821,0,False,False,False,True,True,True,True,True,0,expired_warranty,Invalid Claim
CLM-00051,small_appliances,706,24,14,controls,702,0,False,False,False,True,True,True,True,True,0,valid_near_expiry,Valid Claim
CLM-00728,consumer_electronics,222,12,138,power_supply,186,6,False,False,False,True,True,True,True,True,0,excessive_repairs,Invalid Claim
CLM-01401,small_appliances,126,24,594,controls,84,0,False,False,False,True,True,True,True,True,1,missing_documents,Manual Review
CLM-00766,small_appliances,439,24,281,commercial_use,58,0,False,True,False,True,True,True,True,True,0,excluded_damage,Invalid Claim
CLM-01240,consumer_electronics,360,12,0,battery,358,3,False,False,False,True,False,True,True,True,0,borderline_disagreement,Manual Review
CLM-01058,consumer_electronics,261,12,99,battery,41,0,False,False,False,True,True,True,True,False,0,serial_mismatch,Manual Review
CLM-00014,consumer_electronics,83,12,277,power_supply,72,2,False,False,False,True,True,True,True,True,0,valid_with_repair_history,Valid Claim
CLM-00621,small_appliances,760,24,-40,controls,752,0,False,False,False,True,True,True,True,True,0,expired_warranty,Invalid Claim
CLM-00938,mobile_devices,290,12,70,camera,237,4,True,False,False,True,True,True,True,True,0,excessive_repairs,Invalid Claim
CLM-00234,small_appliances,707,24,13,controls,699,0,False,False,False,True,True,True,True,True,0,valid_near_expiry,Valid Claim
CLM-01113,small_appliances,642,24,78,motor_or_drive,278,0,False,False,False,False,True,True,True,True,2,missing_documents,Manual Review
CLM-01473,consumer_electronics,255,12,105,motherboard,90,0,False,False,False,False,True,True,True,True,2,missing_documents,Manual Review
CLM-00074,consumer_electronics,97,12,263,ports,57,2,False,False,False,True,True,True,True,True,0,valid_with_repair_history,Valid Claim
CLM-01415,small_appliances,361,24,359,heating_element,-11,0,False,False,False,True,True,True,True,True,0,contradiction_bad_dates,Manual Review
CLM-01315,consumer_electronics,83,12,277,battery,-9,0,False,False,False,True,True,True,True,True,0,contradiction_bad_dates,Manual Review
CLM-00870,mobile_devices,371,12,-11,charging_port,363,0,False,False,False,True,True,True,True,True,0,expired_warranty,Invalid Claim
CLM-01027,consumer_electronics,27,12,333,battery,-4,0,False,False,False,True,True,True,True,True,0,contradiction_bad_dates,Manual Review
CLM-00059,mobile_devices,308,12,52,charging_port,276,2,False,False,False,True,True,True,True,True,0,valid_with_repair_history,Valid Claim
CLM-00825,mobile_devices,381,12,-21,camera,380,0,False,False,False,True,True,True,True,True,0,expired_warranty,Invalid Claim
CLM-00676,small_appliances,391,24,329,consumables,235,0,False,True,False,True,True,True,True,True,0,excluded_damage,Invalid Claim
CLM-00730,consumer_electronics,131,12,229,screen_burn_in,89,0,False,True,False,True,True,True,True,True,0,excluded_damage,Invalid Claim
CLM-01451,mobile_devices,296,12,64,camera,-12,0,False,False,False,True,True,True,True,True,0,contradiction_bad_dates,Manual Review
CLM-00072,consumer_electronics,350,12,10,motherboard,349,0,False,False,False,True,True,True,True,True,0,valid_near_expiry,Valid Claim
CLM-00053,small_appliances,160,24,560,controls,45,2,False,False,False,True,True,True,True,True,0,valid_with_repair_history,Valid Claim
CLM-00171,small_appliances,704,24,16,controls,704,0,False,False,False,True,True,True,True,True,0,valid_near_expiry,Valid Claim
CLM-01133,mobile_devices,221,12,139,display,106,0,False,False,False,False,True,False,True,True,2,missing_documents,Manual Review
CLM-00200,small_appliances,262,24,458,motor_or_drive,138,1,False,False,False,True,True,True,True,True,0,valid_with_repair_history,Valid Claim
CLM-00703,mobile_devices,112,12,248,lost_or_stolen,83,0,False,True,False,True,True,True,True,True,0,excluded_damage,Invalid Claim
CLM-00339,consumer_electronics,347,12,13,battery,333,0,False,False,False,True,True,True,True,True,0,valid_near_expiry,Valid Claim
CLM-01046,mobile_devices,161,12,199,speaker_or_microphone,68,0,False,False,False,True,True,True,True,False,0,serial_mismatch,Manual Review
CLM-00540,small_appliances,812,24,-92,manufacturing_defect,805,0,False,False,False,True,True,True,True,True,0,expired_warranty,Invalid Claim
CLM-00400,consumer_electronics,132,12,228,manufacturing_defect,108,1,False,False,False,True,True,True,True,True,0,normal_valid,Valid Claim
CLM-00050,mobile_devices,268,12,92,battery,78,1,False,False,False,True,True,True,True,True,0,valid_with_repair_history,Valid Claim
CLM-01399,consumer_electronics,296,12,64,display,-12,0,False,False,False,True,True,True,True,True,0,contradiction_bad_dates,Manual Review
CLM-00305,small_appliances,392,24,328,manufacturing_defect,225,2,False,False,False,True,True,True,True,True,0,valid_with_repair_history,Valid Claim
CLM-01493,small_appliances,243,24,477,motor_or_drive,105,0,False,False,False,False,True,False,True,True,2,missing_documents,Manual Review
CLM-00955,small_appliances,681,24,39,physical_damage,241,0,False,False,True,True,True,True,True,True,0,excluded_damage,Invalid Claim
CLM-01175,small_appliances,301,24,419,manufacturing_defect,-10,0,False,False,False,True,True,True,True,True,0,contradiction_bad_dates,Manual Review
CLM-00106,mobile_devices,45,12,315,display,43,1,False,False,False,True,True,True,True,True,0,normal_valid,Valid Claim
CLM-00678,consumer_electronics,434,12,-74,power_supply,424,0,False,False,False,True,True,True,True,True,0,expired_warranty,Invalid Claim
CLM-01013,consumer_electronics,226,12,134,power_supply,161,0,False,False,False,True,True,True,True,True,2,missing_documents,Manual Review
CLM-01084,small_appliances,721,24,-1,manufacturing_defect,716,2,False,False,False,True,True,True,True,True,0,borderline_disagreement,Manual Review
CLM-00419,mobile_devices,283,12,77,camera,257,2,False,False,False,True,True,True,True,True,0,valid_with_repair_history,Valid Claim
CLM-00754,small_appliances,433,24,287,cosmetic_wear,388,0,False,True,False,True,True,True,True,True,0,excluded_damage,Invalid Claim
CLM-01289,small_appliances,167,24,553,controls,127,0,False,False,False,False,True,False,True,True,2,missing_documents,Manual Review
CLM-01352,small_appliances,720,24,0,electrical,716,2,False,False,False,True,True,True,False,True,0,borderline_disagreement,Manual Review
CLM-00689,consumer_electronics,75,12,285,battery,55,6,False,False,False,True,True,True,True,True,0,excessive_repairs,Invalid Claim
CLM-00159,consumer_electronics,346,12,14,display,346,0,False,False,False,True,True,True,True,True,0,valid_near_expiry,Valid Claim
CLM-00590,mobile_devices,287,12,73,charging_port,280,3,False,False,False,True,True,True,True,True,0,excessive_repairs,Invalid Claim
CLM-00260,small_appliances,110,24,610,controls,107,2,False,False,False,True,True,True,True,True,0,valid_with_repair_history,Valid Claim
CLM-00238,mobile_devices,61,12,299,camera,34,0,False,False,False,True,True,True,True,True,0,normal_valid,Valid Claim
CLM-01357,small_appliances,251,24,469,motor_or_drive,50,0,False,False,False,True,True,True,True,True,1,missing_documents,Manual Review
CLM-00267,small_appliances,708,24,12,electrical,701,0,False,False,False,True,True,True,True,True,0,valid_near_expiry,Valid Claim
CLM-01043,small_appliances,511,24,209,manufacturing_defect,-4,0,False,False,False,True,True,True,True,True,0,contradiction_bad_dates,Manual Review
CLM-01312,mobile_devices,362,12,-2,battery,359,2,False,False,False,True,True,True,True,True,0,borderline_disagreement,Manual Review
CLM-01224,mobile_devices,362,12,-2,charging_port,357,2,False,False,False,True,False,True,True,True,0,borderline_disagreement,Manual Review
CLM-01313,mobile_devices,101,12,259,battery,57,0,False,False,False,True,True,False,True,True,2,missing_documents,Manual Review
CLM-01219,small_appliances,130,24,590,electrical,-5,0,False,False,False,True,True,True,True,True,0,contradiction_bad_dates,Manual Review
CLM-00820,consumer_electronics,260,12,100,water_damage,46,0,False,False,True,True,True,True,True,True,0,excluded_damage,Invalid Claim
CLM-00594,small_appliances,837,24,-117,manufacturing_defect,832,0,False,False,False,True,True,True,True,True,0,expired_warranty,Invalid Claim
CLM-01340,consumer_electronics,362,12,-2,power_supply,361,3,False,False,False,True,False,True,True,True,0,borderline_disagreement,Manual Review
CLM-00402,small_appliances,703,24,17,electrical,695,0,False,False,False,True,True,True,True,True,0,valid_near_expiry,Valid Claim
CLM-01297,consumer_electronics,282,12,78,battery,182,0,False,False,False,True,True,True,True,True,2,missing_documents,Manual Review
CLM-00293,consumer_electronics,73,12,287,display,38,2,False,False,False,True,True,True,True,True,0,valid_with_repair_history,Valid Claim
CLM-01152,small_appliances,720,24,0,controls,718,2,False,False,False,True,False,True,True,True,0,borderline_disagreement,Manual Review
CLM-00228,small_appliances,715,24,5,heating_element,702,0,False,False,False,True,True,True,True,True,0,valid_near_expiry,Valid Claim
CLM-01245,mobile_devices,100,12,260,camera,40,0,False,False,False,False,True,True,True,True,1,missing_documents,Manual Review
CLM-00701,small_appliances,362,24,358,controls,285,5,False,False,False,True,True,True,True,True,0,excessive_repairs,Invalid Claim
CLM-00727,small_appliances,410,24,310,cosmetic_wear,395,0,False,True,False,True,True,True,True,True,0,excluded_damage,Invalid Claim
CLM-01089,consumer_electronics,177,12,183,manufacturing_defect,129,0,False,False,False,False,True,True,True,True,1,missing_documents,Manual Review
CLM-00374,small_appliances,493,24,227,heating_element,290,1,False,False,False,True,True,True,True,True,0,valid_with_repair_history,Valid Claim
CLM-01223,consumer_electronics,46,12,314,ports,-5,0,False,False,False,True,True,True,True,True,0,contradiction_bad_dates,Manual Review
CLM-00752,consumer_electronics,197,12,163,display,174,4,False,False,False,True,True,True,True,True,0,excessive_repairs,Invalid Claim
CLM-00586,mobile_devices,157,12,203,water_damage,36,0,False,False,True,True,True,True,True,True,0,excluded_damage,Invalid Claim
CLM-01311,consumer_electronics,151,12,209,display,-13,0,False,False,False,True,True,True,True,True,0,contradiction_bad_dates,Manual Review
CLM-00636,consumer_electronics,442,12,-82,ports,432,0,False,False,False,True,True,True,True,True,0,expired_warranty,Invalid Claim
CLM-00082,small_appliances,510,24,210,motor_or_drive,129,0,False,False,False,True,True,True,True,True,0,normal_valid,Valid Claim
CLM-01374,small_appliances,208,24,512,heating_element,162,0,False,False,False,True,True,True,True,False,0,serial_mismatch,Manual Review
CLM-01458,small_appliances,599,24,121,heating_element,18,0,False,False,False,True,True,True,True,False,0,serial_mismatch,Manual Review
CLM-01329,mobile_devices,259,12,101,manufacturing_defect,44,0,False,False,False,False,True,True,True,True,2,missing_documents,Manual Review
CLM-00263,small_appliances,200,24,520,motor_or_drive,190,1,False,False,False,True,True,True,True,True,0,valid_with_repair_history,Invalid Claim
CLM-00649,small_appliances,66,24,654,consumables,40,0,False,True,False,True,True,True,True,True,0,excluded_damage,Invalid Claim
CLM-00743,small_appliances,348,24,372,electrical,182,3,True,False,False,True,True,True,True,True,0,excessive_repairs,Invalid Claim
CLM-00612,small_appliances,748,24,-28,controls,739,0,False,False,False,True,True,True,True,True,0,expired_warranty,Invalid Claim
CLM-00653,small_appliances,180,24,540,heating_element,37,4,True,False,False,True,True,True,True,True,0,excessive_repairs,Invalid Claim
CLM-01477,mobile_devices,74,12,286,charging_port,27,0,False,False,False,True,True,True,True,True,1,missing_documents,Manual Review
CLM-00243,small_appliances,718,24,2,electrical,705,0,False,False,False,True,True,True,True,True,0,valid_near_expiry,Manual Review
CLM-00189,consumer_electronics,352,12,8,ports,340,0,False,False,False,True,True,True,True,True,0,valid_near_expiry,Manual Review
CLM-00154,consumer_electronics,169,12,191,manufacturing_defect,148,0,False,False,False,True,True,True,True,True,0,normal_valid,Valid Claim
CLM-01191,consumer_electronics,15,12,345,power_supply,-11,0,False,False,False,True,True,True,True,True,0,contradiction_bad_dates,Manual Review
CLM-01283,small_appliances,88,24,632,heating_element,-14,0,False,False,False,True,True,True,True,True,0,contradiction_bad_dates,Manual Review
CLM-01180,consumer_electronics,361,12,-1,ports,358,3,False,False,False,True,True,True,False,True,0,borderline_disagreement,Manual Review
CLM-00975,consumer_electronics,387,12,-27,motherboard,383,0,False,False,False,True,True,True,True,True,0,expired_warranty,Invalid Claim
CLM-01059,small_appliances,72,24,648,manufacturing_defect,-6,0,False,False,False,True,True,True,True,True,0,contradiction_bad_dates,Manual Review
CLM-00515,consumer_electronics,168,12,192,motherboard,151,4,False,False,False,True,True,True,True,True,0,excessive_repairs,Invalid Claim
CLM-00756,small_appliances,842,24,-122,manufacturing_defect,835,0,False,False,False,True,True,True,True,True,0,expired_warranty,Invalid Claim
CLM-00921,small_appliances,752,24,-32,manufacturing_defect,746,0,False,False,False,True,True,True,True,True,0,expired_warranty,Invalid Claim
CLM-01115,small_appliances,685,24,35,motor_or_drive,-6,0,False,False,False,True,True,True,True,True,0,contradiction_bad_dates,Manual Review
CLM-00490,small_appliances,316,24,404,heating_element,304,1,False,False,False,True,True,True,True,True,0,normal_valid,Valid Claim
CLM-00982,consumer_electronics,274,12,86,screen_burn_in,208,0,False,False,True,True,True,True,True,True,0,excluded_damage,Invalid Claim
CLM-01232,consumer_electronics,360,12,0,motherboard,359,3,False,False,False,True,True,True,True,True,0,borderline_disagreement,Manual Review
CLM-00735,mobile_devices,434,12,-74,battery,428,0,False,False,False,True,True,True,True,True,0,expired_warranty,Invalid Claim
CLM-00467,mobile_devices,264,12,96,display,63,1,False,False,False,True,True,True,True,True,0,valid_with_repair_history,Valid Claim
CLM-00831,consumer_electronics,472,12,-112,ports,472,0,False,False,False,True,True,True,True,True,0,expired_warranty,Invalid Claim
CLM-00256,mobile_devices,164,12,196,camera,51,0,False,False,False,True,True,True,True,True,0,normal_valid,Valid Claim
CLM-00012,mobile_devices,357,12,3,manufacturing_defect,351,0,False,False,False,True,True,True,True,True,0,valid_near_expiry,Valid Claim
CLM-00556,mobile_devices,284,12,76,physical_damage,44,0,False,True,False,True,True,True,True,True,0,excluded_damage,Invalid Claim
CLM-01018,small_appliances,32,24,688,motor_or_drive,12,0,False,False,False,True,True,True,True,False,0,serial_mismatch,Manual Review
CLM-00908,small_appliances,354,24,366,controls,54,4,False,False,False,True,True,True,True,True,0,excessive_repairs,Invalid Claim
CLM-00867,small_appliances,846,24,-126,motor_or_drive,837,0,False,False,False,True,True,True,True,True,0,expired_warranty,Invalid Claim
CLM-00816,mobile_devices,417,12,-57,camera,408,0,False,False,False,True,True,True,True,True,0,expired_warranty,Invalid Claim
CLM-00389,consumer_electronics,199,12,161,ports,145,1,False,False,False,True,True,True,True,True,0,valid_with_repair_history,Valid Claim
CLM-01331,small_appliances,254,24,466,controls,-8,0,False,False,False,True,True,True,True,True,0,contradiction_bad_dates,Manual Review
CLM-00521,mobile_devices,131,12,229,manufacturing_defect,131,5,True,False,False,True,True,True,True,True,0,excessive_repairs,Invalid Claim
CLM-00692,consumer_electronics,161,12,199,motherboard,132,6,False,False,False,True,True,True,True,True,0,excessive_repairs,Invalid Claim
CLM-01243,small_appliances,597,24,123,controls,-14,0,False,False,False,True,True,True,True,True,0,contradiction_bad_dates,Manual Review
CLM-00667,consumer_electronics,159,12,201,screen_burn_in,145,0,False,True,False,True,True,True,True,True,0,excluded_damage,Invalid Claim
CLM-01484,consumer_electronics,361,12,-1,display,356,3,False,False,False,True,True,False,True,True,0,borderline_disagreement,Manual Review
CLM-00375,mobile_devices,350,12,10,charging_port,340,0,False,False,False,True,True,True,True,True,0,valid_near_expiry,Valid Claim
CLM-00222,small_appliances,714,24,6,manufacturing_defect,708,0,False,False,False,True,True,True,True,True,0,valid_near_expiry,Valid Claim
CLM-00332,mobile_devices,280,12,80,display,58,2,False,False,False,True,True,True,True,True,0,valid_with_repair_history,Valid Claim
CLM-00067,consumer_electronics,314,12,46,manufacturing_defect,35,0,False,False,False,True,True,True,True,True,0,normal_valid,Valid Claim
CLM-00524,mobile_devices,75,12,285,display,70,4,False,False,False,True,True,True,True,True,0,excessive_repairs,Invalid Claim
CLM-00737,consumer_electronics,77,12,283,display,48,5,True,False,False,True,True,True,True,True,0,excessive_repairs,Invalid Claim
CLM-00158,mobile_devices,95,12,265,manufacturing_defect,94,2,False,False,False,True,True,True,True,True,0,valid_with_repair_history,Valid Claim
CLM-00353,small_appliances,699,24,21,heating_element,360,1,False,False,False,True,True,True,True,True,0,valid_with_repair_history,Valid Claim
CLM-00290,small_appliances,281,24,439,electrical,238,2,False,False,False,True,True,True,True,True,0,valid_with_repair_history,Valid Claim
CLM-01443,mobile_devices,157,12,203,manufacturing_defect,-3,0,False,False,False,True,True,True,True,True,0,contradiction_bad_dates,Manual Review
CLM-00875,consumer_electronics,345,12,15,display,311,4,False,False,False,True,True,True,True,True,0,excessive_repairs,Invalid Claim
CLM-00437,small_appliances,180,24,540,heating_element,97,2,False,False,False,True,True,True,True,True,0,valid_with_repair_history,Valid Claim
CLM-01108,mobile_devices,359,12,1,charging_port,356,2,False,False,False,True,True,True,False,True,0,borderline_disagreement,Manual Review
CLM-01248,consumer_electronics,359,12,1,manufacturing_defect,355,3,False,False,False,True,True,False,True,True,0,borderline_disagreement,Manual Review
CLM-00650,consumer_electronics,66,12,294,manufacturing_defect,38,4,True,False,False,True,True,True,True,True,0,excessive_repairs,Valid Claim
CLM-00367,small_appliances,63,24,657,heating_element,51,0,False,False,False,True,True,True,True,True,0,normal_valid,Valid Claim
CLM-00230,mobile_devices,212,12,148,speaker_or_microphone,180,2,False,False,False,True,True,True,True,True,0,valid_with_repair_history,Valid Claim
CLM-00536,small_appliances,593,24,127,controls,203,3,True,False,False,True,True,True,True,True,0,excessive_repairs,Invalid Claim
CLM-00250,consumer_electronics,322,12,38,ports,196,1,False,False,False,True,True,True,True,True,0,normal_valid,Valid Claim
CLM-01446,consumer_electronics,312,12,48,display,193,0,False,False,False,True,True,True,True,False,0,serial_mismatch,Manual Review
CLM-00910,consumer_electronics,138,12,222,misuse,52,0,False,False,True,True,True,True,True,True,0,excluded_damage,Invalid Claim
CLM-01344,small_appliances,720,24,0,electrical,717,2,False,False,False,True,False,True,True,True,0,borderline_disagreement,Manual Review
CLM-01006,consumer_electronics,165,12,195,display,3,0,False,False,False,True,True,True,True,False,0,serial_mismatch,Manual Review
CLM-00006,small_appliances,702,24,18,electrical,700,0,False,False,False,True,True,True,True,True,0,valid_near_expiry,Valid Claim
CLM-00326,mobile_devices,234,12,126,display,70,2,False,False,False,True,True,True,True,True,0,valid_with_repair_history,Valid Claim
CLM-00760,mobile_devices,98,12,262,water_damage,22,0,False,True,False,True,True,True,True,True,0,excluded_damage,Invalid Claim
CLM-00626,consumer_electronics,133,12,227,ports,38,6,True,False,False,True,True,True,True,True,0,excessive_repairs,Invalid Claim
CLM-01188,consumer_electronics,359,12,1,manufacturing_defect,357,3,False,False,False,True,False,True,True,True,0,borderline_disagreement,Manual Review
CLM-00277,consumer_electronics,81,12,279,display,6,0,False,False,False,True,True,True,True,True,0,normal_valid,Valid Claim
CLM-00083,small_appliances,493,24,227,heating_element,454,1,False,False,False,True,True,True,True,True,0,valid_with_repair_history,Valid Claim
CLM-00941,small_appliances,134,24,586,manufacturing_defect,75,3,True,False,False,True,True,True,True,True,0,excessive_repairs,Invalid Claim
CLM-00115,small_appliances,96,24,624,manufacturing_defect,37,1,False,False,False,True,True,True,True,True,0,normal_valid,Valid Claim
CLM-00472,small_appliances,330,24,390,electrical,98,0,False,False,False,True,True,True,True,True,0,normal_valid,Valid Claim
CLM-00252,small_appliances,711,24,9,heating_element,710,0,False,False,False,True,True,True,True,True,0,valid_near_expiry,Valid Claim
CLM-00828,small_appliances,775,24,-55,electrical,769,0,False,False,False,True,True,True,True,True,0,expired_warranty,Invalid Claim
CLM-00333,small_appliances,710,24,10,electrical,696,0,False,False,False,True,True,True,True,True,0,valid_near_expiry,Valid Claim
CLM-00194,consumer_electronics,195,12,165,power_supply,50,1,False,False,False,True,True,True,True,True,0,valid_with_repair_history,Valid Claim
CLM-00359,small_appliances,579,24,141,controls,423,1,False,False,False,True,True,True,True,True,0,valid_with_repair_history,Valid Claim
CLM-00404,consumer_electronics,273,12,87,manufacturing_defect,77,3,False,False,False,True,True,True,True,True,0,valid_with_repair_history,Valid Claim
CLM-00142,small_appliances,587,24,133,motor_or_drive,28,1,False,False,False,True,True,True,True,True,0,normal_valid,Valid Claim
CLM-00382,small_appliances,301,24,419,electrical,230,1,False,False,False,True,True,True,True,True,0,normal_valid,Valid Claim
CLM-01425,consumer_electronics,172,12,188,power_supply,89,0,False,False,False,False,True,True,True,True,2,missing_documents,Manual Review
CLM-00508,small_appliances,549,24,171,misuse,259,0,False,False,True,True,True,True,True,True,0,excluded_damage,Invalid Claim
CLM-01491,consumer_electronics,235,12,125,display,-11,0,False,False,False,True,True,True,True,True,0,contradiction_bad_dates,Manual Review
CLM-00629,mobile_devices,286,12,74,battery,141,3,True,False,False,True,True,True,True,True,0,excessive_repairs,Invalid Claim
CLM-00939,small_appliances,747,24,-27,motor_or_drive,739,0,False,False,False,True,True,True,True,True,0,expired_warranty,Invalid Claim
CLM-00299,small_appliances,104,24,616,heating_element,96,2,False,False,False,True,True,True,True,True,0,valid_with_repair_history,Valid Claim
CLM-00656,consumer_electronics,315,12,45,motherboard,115,4,True,False,False,True,True,True,True,True,0,excessive_repairs,Invalid Claim
CLM-01107,small_appliances,123,24,597,controls,-5,0,False,False,False,True,True,True,True,True,0,contradiction_bad_dates,Manual Review
CLM-00843,small_appliances,757,24,-37,controls,752,0,False,False,False,True,True,True,True,True,0,expired_warranty,Invalid Claim
CLM-01308,small_appliances,720,24,0,electrical,715,2,False,False,False,True,True,True,True,True,0,borderline_disagreement,Manual Review
CLM-00611,consumer_electronics,313,12,47,motherboard,167,5,False,False,False,True,True,True,True,True,0,excessive_repairs,Invalid Claim
CLM-00218,small_appliances,430,24,290,controls,348,2,False,False,False,True,True,True,True,True,0,valid_with_repair_history,Valid Claim
CLM-00126,mobile_devices,340,12,20,speaker_or_microphone,338,0,False,False,False,True,True,True,True,True,0,valid_near_expiry,Valid Claim
CLM-01145,small_appliances,330,24,390,manufacturing_defect,202,0,False,False,False,True,True,True,True,True,1,missing_documents,Manual Review
CLM-01165,consumer_electronics,113,12,247,ports,1,0,False,False,False,False,True,True,True,True,2,missing_documents,Manual Review
CLM-01137,small_appliances,36,24,684,motor_or_drive,23,0,False,False,False,False,True,False,True,True,2,missing_documents,Manual Review
CLM-00124,consumer_electronics,72,12,288,power_supply,59,0,False,False,False,True,True,True,True,True,0,normal_valid,Valid Claim
CLM-00572,consumer_electronics,281,12,79,display,131,6,False,False,False,True,True,True,True,True,0,excessive_repairs,Invalid Claim
CLM-01020,mobile_devices,359,12,1,battery,355,2,False,False,False,True,False,True,True,True,0,borderline_disagreement,Manual Review
CLM-01202,mobile_devices,25,12,335,camera,11,0,False,False,False,True,True,True,True,False,0,serial_mismatch,Manual Review
CLM-00060,consumer_electronics,354,12,6,display,351,0,False,False,False,True,True,True,True,True,0,valid_near_expiry,Valid Claim
CLM-00961,mobile_devices,194,12,166,cosmetic_wear,35,0,False,False,True,True,True,True,True,True,0,excluded_damage,Invalid Claim
CLM-00405,consumer_electronics,343,12,17,display,339,0,False,False,False,True,True,True,True,True,0,valid_near_expiry,Valid Claim
CLM-00348,small_appliances,716,24,4,heating_element,707,0,False,False,False,True,True,True,True,True,0,valid_near_expiry,Valid Claim
CLM-01095,mobile_devices,76,12,284,charging_port,-13,0,False,False,False,True,True,True,True,True,0,contradiction_bad_dates,Manual Review
CLM-00470,consumer_electronics,208,12,152,ports,128,2,False,False,False,True,True,True,True,True,0,valid_with_repair_history,Valid Claim
CLM-01009,mobile_devices,14,12,346,camera,13,0,False,False,False,False,True,True,True,True,2,missing_documents,Manual Review
CLM-00421,small_appliances,519,24,201,manufacturing_defect,377,0,False,False,False,True,True,True,True,True,0,normal_valid,Valid Claim
CLM-00991,small_appliances,160,24,560,water_damage,15,0,False,False,True,True,True,True,True,True,0,excluded_damage,Invalid Claim
CLM-00640,consumer_electronics,310,12,50,physical_damage,35,0,False,False,True,True,True,True,True,True,0,excluded_damage,Invalid Claim
CLM-00951,consumer_electronics,464,12,-104,display,455,0,False,False,False,True,True,True,True,True,0,expired_warranty,Invalid Claim
CLM-00622,consumer_electronics,14,12,346,screen_burn_in,12,0,False,True,False,True,True,True,True,True,0,excluded_damage,Invalid Claim
CLM-00387,small_appliances,704,24,16,manufacturing_defect,700,0,False,False,False,True,True,True,True,True,0,valid_near_expiry,Valid Claim
CLM-00496,consumer_electronics,308,12,52,power_supply,246,1,False,False,False,True,True,True,True,True,0,normal_valid,Valid Claim
CLM-01455,mobile_devices,262,12,98,speaker_or_microphone,-2,0,False,False,False,True,True,True,True,True,0,contradiction_bad_dates,Manual Review
CLM-01148,small_appliances,719,24,1,controls,718,2,False,False,False,True,True,True,False,True,0,borderline_disagreement,Manual Review
CLM-01456,small_appliances,721,24,-1,controls,720,2,False,False,False,True,True,True,False,True,0,borderline_disagreement,Manual Review
CLM-00550,consumer_electronics,246,12,114,cosmetic_wear,242,0,False,True,False,True,True,True,True,True,0,excluded_damage,Invalid Claim
CLM-00216,consumer_electronics,347,12,13,manufacturing_defect,332,0,False,False,False,True,True,True,True,True,0,valid_near_expiry,Valid Claim
CLM-01272,small_appliances,721,24,-1,manufacturing_defect,719,2,False,False,False,True,False,True,True,True,0,borderline_disagreement,Manual Review
CLM-00695,small_appliances,514,24,206,electrical,444,3,False,False,False,True,True,True,True,True,0,excessive_repairs,Invalid Claim
CLM-00977,mobile_devices,300,12,60,battery,262,3,False,False,False,True,True,True,True,True,0,excessive_repairs,Invalid Claim
CLM-00303,small_appliances,715,24,5,electrical,702,0,False,False,False,True,True,True,True,True,0,valid_near_expiry,Valid Claim
CLM-00255,small_appliances,710,24,10,heating_element,708,0,False,False,False,True,True,True,True,True,0,valid_near_expiry,Valid Claim
CLM-01055,consumer_electronics,258,12,102,display,-4,0,False,False,False,True,True,True,True,True,0,contradiction_bad_dates,Manual Review
CLM-01382,small_appliances,262,24,458,heating_element,127,0,False,False,False,True,True,True,True,False,0,serial_mismatch,Manual Review
CLM-01496,consumer_electronics,359,12,1,battery,356,3,False,False,False,True,False,True,True,True,0,borderline_disagreement,Manual Review
CLM-00455,consumer_electronics,188,12,172,manufacturing_defect,80,3,False,False,False,True,True,True,True,True,0,valid_with_repair_history,Valid Claim
CLM-00925,small_appliances,19,24,701,consumables,4,0,False,False,True,True,True,True,True,True,0,excluded_damage,Invalid Claim
CLM-01323,consumer_electronics,206,12,154,battery,-12,0,False,False,False,True,True,True,True,True,0,contradiction_bad_dates,Manual Review
CLM-01138,small_appliances,675,24,45,electrical,383,0,False,False,False,True,True,True,True,False,0,serial_mismatch,Manual Review
CLM-00587,mobile_devices,87,12,273,display,85,3,False,False,False,True,True,True,True,True,0,excessive_repairs,Invalid Claim
CLM-00563,mobile_devices,72,12,288,battery,60,4,False,False,False,True,True,True,True,True,0,excessive_repairs,Invalid Claim
CLM-01037,small_appliances,643,24,77,motor_or_drive,347,0,False,False,False,True,True,False,True,True,1,missing_documents,Manual Review
CLM-00522,small_appliances,776,24,-56,motor_or_drive,776,0,False,False,False,True,True,True,True,True,0,expired_warranty,Invalid Claim
CLM-00660,consumer_electronics,401,12,-41,ports,401,0,False,False,False,True,True,True,True,True,0,expired_warranty,Invalid Claim
CLM-00673,consumer_electronics,281,12,79,software_issue,122,0,False,False,True,True,True,True,True,True,0,excluded_damage,Invalid Claim
CLM-00054,consumer_electronics,352,12,8,power_supply,343,0,False,False,False,True,True,True,True,True,0,valid_near_expiry,Valid Claim
CLM-01397,small_appliances,382,24,338,motor_or_drive,27,0,False,False,False,True,True,False,True,True,2,missing_documents,Manual Review
CLM-01257,small_appliances,335,24,385,controls,196,0,False,False,False,False,True,False,True,True,2,missing_documents,Manual Review
CLM-01483,small_appliances,220,24,500,electrical,-10,0,False,False,False,True,True,True,True,True,0,contradiction_bad_dates,Manual Review
CLM-00627,small_appliances,753,24,-33,heating_element,746,0,False,False,False,True,True,True,True,True,0,expired_warranty,Invalid Claim
CLM-00211,mobile_devices,261,12,99,camera,47,0,False,False,False,True,True,True,True,True,0,normal_valid,Valid Claim
CLM-01078,consumer_electronics,245,12,115,power_supply,92,0,False,False,False,True,True,True,True,False,0,serial_mismatch,Manual Review
CLM-00239,small_appliances,207,24,513,electrical,134,1,False,False,False,True,True,True,True,True,0,valid_with_repair_history,Valid Claim
CLM-00668,mobile_devices,248,12,112,camera,181,3,False,False,False,True,True,True,True,True,0,excessive_repairs,Invalid Claim
CLM-00983,mobile_devices,306,12,54,speaker_or_microphone,33,3,False,False,False,True,True,True,True,True,0,excessive_repairs,Invalid Claim
CLM-01294,mobile_devices,144,12,216,speaker_or_microphone,38,0,False,False,False,True,True,True,True,False,0,serial_mismatch,Manual Review
CLM-01230,small_appliances,489,24,231,controls,50,0,False,False,False,True,True,True,True,False,0,serial_mismatch,Manual Review
CLM-01052,consumer_electronics,361,12,-1,battery,358,3,False,False,False,True,True,True,True,True,0,borderline_disagreement,Manual Review
CLM-01435,small_appliances,237,24,483,heating_element,-13,0,False,False,False,True,True,True,True,True,0,contradiction_bad_dates,Manual Review
CLM-01008,mobile_devices,359,12,1,camera,359,2,False,False,False,True,True,True,True,True,0,borderline_disagreement,Manual Review
CLM-00318,consumer_electronics,344,12,16,display,336,0,False,False,False,True,True,True,True,True,0,valid_near_expiry,Valid Claim
CLM-00661,small_appliances,681,24,39,water_damage,430,0,False,False,True,True,True,True,True,True,0,excluded_damage,Invalid Claim
CLM-00418,mobile_devices,34,12,326,display,22,0,False,False,False,True,True,True,True,True,0,normal_valid,Valid Claim
CLM-00682,consumer_electronics,64,12,296,software_issue,22,0,False,False,True,True,True,True,True,True,0,excluded_damage,Valid Claim
CLM-01471,small_appliances,574,24,146,motor_or_drive,-12,0,False,False,False,True,True,True,True,True,0,contradiction_bad_dates,Manual Review
CLM-01302,consumer_electronics,44,12,316,battery,1,0,False,False,False,True,True,True,True,False,0,serial_mismatch,Manual Review
CLM-00324,consumer_electronics,355,12,5,display,340,0,False,False,False,True,True,True,True,True,0,valid_near_expiry,Valid Claim
CLM-00711,consumer_electronics,452,12,-92,motherboard,446,0,False,False,False,True,True,True,True,True,0,expired_warranty,Invalid Claim
CLM-01269,mobile_devices,289,12,71,battery,188,0,False,False,False,True,True,True,True,True,1,missing_documents,Manual Review
CLM-00842,consumer_electronics,314,12,46,ports,131,4,False,False,False,True,True,True,True,True,0,excessive_repairs,Invalid Claim
CLM-00609,small_appliances,743,24,-23,heating_element,736,0,False,False,False,True,True,True,True,True,0,expired_warranty,Invalid Claim
CLM-00666,small_appliances,790,24,-70,heating_element,790,0,False,False,False,True,True,True,True,True,0,expired_warranty,Invalid Claim
CLM-00390,mobile_devices,357,12,3,camera,349,0,False,False,False,True,True,True,True,True,0,valid_near_expiry,Valid Claim
CLM-01275,mobile_devices,323,12,37,display,-1,0,False,False,False,True,True,True,True,True,0,contradiction_bad_dates,Invalid Claim
CLM-01186,mobile_devices,102,12,258,charging_port,79,0,False,False,False,True,True,True,True,False,0,serial_mismatch,Invalid Claim
CLM-00603,mobile_devices,372,12,-12,manufacturing_defect,368,0,False,False,False,True,True,True,True,True,0,expired_warranty,Invalid Claim
CLM-00018,small_appliances,717,24,3,manufacturing_defect,707,0,False,False,False,True,True,True,True,True,0,valid_near_expiry,Valid Claim
CLM-00530,mobile_devices,244,12,116,display,224,3,True,False,False,True,True,True,True,True,0,excessive_repairs,Invalid Claim
CLM-00691,consumer_electronics,72,12,288,physical_damage,2,0,False,True,False,True,True,True,True,True,0,excluded_damage,Invalid Claim
CLM-00259,small_appliances,415,24,305,motor_or_drive,141,1,False,False,False,True,True,True,True,True,0,normal_valid,Valid Claim
CLM-00906,small_appliances,826,24,-106,electrical,818,0,False,False,False,True,True,True,True,True,0,expired_warranty,Invalid Claim
CLM-01495,mobile_devices,157,12,203,manufacturing_defect,-9,0,False,False,False,True,True,True,True,True,0,contradiction_bad_dates,Manual Review
CLM-01448,mobile_devices,360,12,0,camera,359,2,False,False,False,True,True,True,False,True,0,borderline_disagreement,Manual Review
CLM-00781,consumer_electronics,98,12,262,water_damage,25,0,False,True,False,True,True,True,True,True,0,excluded_damage,Invalid Claim
CLM-00913,mobile_devices,100,12,260,physical_damage,88,0,False,True,False,True,True,True,True,True,0,excluded_damage,Manual Review
CLM-00516,small_appliances,767,24,-47,manufacturing_defect,759,0,False,False,False,True,True,True,True,True,0,expired_warranty,Invalid Claim
CLM-00307,small_appliances,127,24,593,manufacturing_defect,110,1,False,False,False,True,True,True,True,True,0,normal_valid,Valid Claim
CLM-00984,consumer_electronics,388,12,-28,manufacturing_defect,380,0,False,False,False,True,True,True,True,True,0,expired_warranty,Invalid Claim
CLM-00726,consumer_electronics,401,12,-41,manufacturing_defect,401,0,False,False,False,True,True,True,True,True,0,expired_warranty,Invalid Claim
CLM-00784,mobile_devices,73,12,287,water_damage,4,0,False,False,True,True,True,True,True,True,0,excluded_damage,Invalid Claim
CLM-00300,small_appliances,719,24,1,controls,705,0,False,False,False,True,True,True,True,True,0,valid_near_expiry,Valid Claim
CLM-01136,small_appliances,720,24,0,electrical,719,2,False,False,False,True,False,True,True,True,0,borderline_disagreement,Manual Review
CLM-01481,mobile_devices,70,12,290,battery,33,0,False,False,False,True,True,False,True,True,1,missing_documents,Manual Review
CLM-01147,consumer_electronics,275,12,85,battery,-9,0,False,False,False,True,True,True,True,True,0,contradiction_bad_dates,Manual Review
CLM-00346,consumer_electronics,212,12,148,manufacturing_defect,80,0,False,False,False,True,True,True,True,True,0,normal_valid,Valid Claim
CLM-00671,small_appliances,69,24,651,motor_or_drive,51,5,False,False,False,True,True,True,True,True,0,excessive_repairs,Invalid Claim
CLM-01369,mobile_devices,127,12,233,battery,100,0,False,False,False,False,True,True,True,True,2,missing_documents,Manual Review
CLM-00558,small_appliances,818,24,-98,controls,808,0,False,False,False,True,True,True,True,True,0,expired_warranty,Invalid Claim
CLM-00672,small_appliances,825,24,-105,motor_or_drive,821,0,False,False,False,True,True,True,True,True,0,expired_warranty,Invalid Claim
CLM-00499,consumer_electronics,235,12,125,battery,81,0,False,False,False,True,True,True,True,True,0,normal_valid,Manual Review
CLM-00797,small_appliances,668,24,52,heating_element,653,4,False,False,False,True,True,True,True,True,0,excessive_repairs,Invalid Claim
CLM-00565,mobile_devices,185,12,175,water_damage,117,0,False,False,True,True,True,True,True,True,0,excluded_damage,Invalid Claim
CLM-00048,small_appliances,704,24,16,manufacturing_defect,695,0,False,False,False,True,True,True,True,True,0,valid_near_expiry,Valid Claim
CLM-00942,small_appliances,770,24,-50,motor_or_drive,761,0,False,False,False,True,True,True,True,True,0,expired_warranty,Invalid Claim
CLM-00615,mobile_devices,390,12,-30,manufacturing_defect,388,0,False,False,False,True,True,True,True,True,0,expired_warranty,Invalid Claim
CLM-00183,small_appliances,710,24,10,controls,699,0,False,False,False,True,True,True,True,True,0,valid_near_expiry,Valid Claim
CLM-00613,mobile_devices,34,12,326,physical_damage,3,0,False,False,True,True,True,True,True,True,0,excluded_damage,Invalid Claim
CLM-01307,consumer_electronics,319,12,41,battery,-3,0,False,False,False,True,True,True,True,True,0,contradiction_bad_dates,Manual Review
CLM-00134,small_appliances,537,24,183,motor_or_drive,242,1,False,False,False,True,True,True,True,True,0,valid_with_repair_history,Valid Claim
CLM-01025,consumer_electronics,108,12,252,motherboard,108,0,False,False,False,False,True,True,True,True,2,missing_documents,Manual Review
CLM-00827,consumer_electronics,212,12,148,battery,104,6,False,False,False,True,True,True,True,True,0,excessive_repairs,Invalid Claim
CLM-00854,small_appliances,334,24,386,heating_element,77,4,True,False,False,True,True,True,True,True,0,excessive_repairs,Valid Claim
CLM-01299,small_appliances,410,24,310,electrical,-8,0,False,False,False,True,True,True,True,True,0,contradiction_bad_dates,Manual Review
CLM-00150,consumer_electronics,355,12,5,manufacturing_defect,355,0,False,False,False,True,True,True,True,True,0,valid_near_expiry,Valid Claim
CLM-01090,consumer_electronics,211,12,149,ports,115,0,False,False,False,True,True,True,True,False,0,serial_mismatch,Manual Review
CLM-00907,small_appliances,672,24,48,commercial_use,575,0,False,True,False,True,True,True,True,True,0,excluded_damage,Invalid Claim
CLM-01204,small_appliances,722,24,-2,manufacturing_defect,718,2,False,False,False,True,False,True,True,True,0,borderline_disagreement,Manual Review
CLM-01106,consumer_electronics,157,12,203,motherboard,4,0,False,False,False,True,True,True,True,False,0,serial_mismatch,Manual Review
CLM-01237,small_appliances,115,24,605,motor_or_drive,52,0,False,False,False,False,True,True,True,True,2,missing_documents,Manual Review
CLM-00665,mobile_devices,95,12,265,display,89,4,False,False,False,True,True,True,True,True,0,excessive_repairs,Invalid Claim
CLM-00817,consumer_electronics,171,12,189,physical_damage,47,0,False,False,True,True,True,True,True,True,0,excluded_damage,Invalid Claim
CLM-00215,mobile_devices,105,12,255,display,70,2,False,False,False,True,True,True,True,True,0,valid_with_repair_history,Valid Claim
CLM-00097,mobile_devices,126,12,234,battery,29,1,False,False,False,True,True,True,True,True,0,normal_valid,Valid Claim
CLM-00312,consumer_electronics,357,12,3,display,344,0,False,False,False,True,True,True,True,True,0,valid_near_expiry,Valid Claim
CLM-01178,consumer_electronics,228,12,132,ports,216,0,False,False,False,True,True,True,True,False,0,serial_mismatch,Manual Review
CLM-01111,small_appliances,689,24,31,motor_or_drive,-9,0,False,False,False,True,True,True,True,True,0,contradiction_bad_dates,Manual Review
CLM-00102,mobile_devices,348,12,12,camera,343,0,False,False,False,True,True,True,True,True,0,valid_near_expiry,Valid Claim
CLM-01427,mobile_devices,265,12,95,charging_port,-13,0,False,False,False,True,True,True,True,True,0,contradiction_bad_dates,Manual Review
CLM-00262,small_appliances,204,24,516,heating_element,159,1,False,False,False,True,True,True,True,True,0,normal_valid,Valid Claim
CLM-00976,consumer_electronics,31,12,329,water_damage,22,0,False,False,True,True,True,True,True,True,0,excluded_damage,Invalid Claim
CLM-00025,consumer_electronics,136,12,224,manufacturing_defect,68,1,False,False,False,True,True,True,True,True,0,normal_valid,Valid Claim
CLM-01172,consumer_electronics,361,12,-1,power_supply,356,3,False,False,False,True,False,True,True,True,0,borderline_disagreement,Manual Review
CLM-00882,mobile_devices,435,12,-75,display,427,0,False,False,False,True,True,True,True,True,0,expired_warranty,Invalid Claim
CLM-00639,small_appliances,754,24,-34,motor_or_drive,747,0,False,False,False,True,True,True,True,True,0,expired_warranty,Manual Review
CLM-00464,consumer_electronics,90,12,270,battery,40,2,False,False,False,True,True,True,True,True,0,valid_with_repair_history,Valid Claim
CLM-01408,mobile_devices,359,12,1,charging_port,354,2,False,False,False,True,True,True,True,True,0,borderline_disagreement,Manual Review
CLM-00094,small_appliances,264,24,456,electrical,137,1,False,False,False,True,True,True,True,True,0,normal_valid,Valid Claim
CLM-00208,small_appliances,611,24,109,heating_element,22,1,False,False,False,True,True,True,True,True,0,normal_valid,Valid Claim
CLM-01192,small_appliances,721,24,-1,motor_or_drive,718,2,False,False,False,True,True,True,True,True,0,borderline_disagreement,Manual Review
CLM-00863,consumer_electronics,328,12,32,manufacturing_defect,325,6,True,False,False,True,True,True,True,True,0,excessive_repairs,Invalid Claim
CLM-00268,mobile_devices,256,12,104,manufacturing_defect,152,0,False,False,False,True,True,True,True,True,0,normal_valid,Valid Claim
CLM-00489,mobile_devices,354,12,6,speaker_or_microphone,351,0,False,False,False,True,True,True,True,True,0,valid_near_expiry,Valid Claim
CLM-00151,consumer_electronics,298,12,62,battery,112,1,False,False,False,True,True,True,True,True,0,normal_valid,Valid Claim
CLM-00562,mobile_devices,210,12,150,cosmetic_wear,119,0,False,True,False,True,True,True,True,True,0,excluded_damage,Invalid Claim
CLM-01444,mobile_devices,362,12,-2,speaker_or_microphone,358,2,False,False,False,True,True,True,False,True,0,borderline_disagreement,Manual Review
CLM-01075,consumer_electronics,275,12,85,motherboard,-3,0,False,False,False,True,True,True,True,True,0,contradiction_bad_dates,Valid Claim
CLM-00482,consumer_electronics,257,12,103,battery,159,3,False,False,False,True,True,True,True,True,0,valid_with_repair_history,Valid Claim
CLM-00967,consumer_electronics,28,12,332,screen_burn_in,18,0,False,False,True,True,True,True,True,True,0,excluded_damage,Invalid Claim
CLM-00651,mobile_devices,431,12,-71,manufacturing_defect,423,0,False,False,False,True,True,True,True,True,0,expired_warranty,Invalid Claim
CLM-00581,mobile_devices,120,12,240,display,60,3,True,False,False,True,True,True,True,True,0,excessive_repairs,Invalid Claim
CLM-00157,consumer_electronics,187,12,173,battery,137,1,False,False,False,True,True,True,True,True,0,normal_valid,Valid Claim
CLM-00173,small_appliances,309,24,411,manufacturing_defect,186,2,False,False,False,True,True,True,True,True,0,valid_with_repair_history,Valid Claim
CLM-01360,mobile_devices,359,12,1,battery,355,2,False,False,False,True,False,True,True,True,0,borderline_disagreement,Valid Claim
CLM-01395,mobile_devices,323,12,37,speaker_or_microphone,-9,0,False,False,False,True,True,True,True,True,0,contradiction_bad_dates,Manual Review
CLM-00988,mobile_devices,117,12,243,water_damage,76,0,False,False,True,True,True,True,True,True,0,excluded_damage,Invalid Claim
CLM-00040,consumer_electronics,75,12,285,ports,61,0,False,False,False,True,True,True,True,True,0,normal_valid,Valid Claim
CLM-00709,mobile_devices,309,12,51,water_damage,120,0,False,True,False,True,True,True,True,True,0,excluded_damage,Invalid Claim
CLM-00852,consumer_electronics,380,12,-20,manufacturing_defect,378,0,False,False,False,True,True,True,True,True,0,expired_warranty,Invalid Claim
CLM-00669,small_appliances,829,24,-109,electrical,826,0,False,False,False,True,True,True,True,True,0,expired_warranty,Invalid Claim
CLM-00519,mobile_devices,385,12,-25,charging_port,376,0,False,False,False,True,True,True,True,True,0,expired_warranty,Invalid Claim
CLM-01300,small_appliances,720,24,0,heating_element,719,2,False,False,False,True,True,True,False,True,0,borderline_disagreement,Manual Review
CLM-00904,small_appliances,266,24,454,physical_damage,75,0,False,False,True,True,True,True,True,True,0,excluded_damage,Invalid Claim
CLM-00486,small_appliances,718,24,2,motor_or_drive,704,0,False,False,False,True,True,True,True,True,0,valid_near_expiry,Valid Claim
CLM-01361,small_appliances,495,24,225,electrical,255,0,False,False,False,True,True,True,True,True,1,missing_documents,Manual Review
CLM-00241,small_appliances,417,24,303,motor_or_drive,333,0,False,False,False,True,True,True,True,True,0,normal_valid,Valid Claim
CLM-01479,mobile_devices,230,12,130,charging_port,-1,0,False,False,False,True,True,True,True,True,0,contradiction_bad_dates,Manual Review
CLM-00311,small_appliances,321,24,399,electrical,221,2,False,False,False,True,True,True,True,True,0,valid_with_repair_history,Valid Claim
CLM-00803,mobile_devices,192,12,168,camera,137,4,False,False,False,True,True,True,True,True,0,excessive_repairs,Invalid Claim
CLM-00979,mobile_devices,144,12,216,lost_or_stolen,140,0,False,True,False,True,True,True,True,True,0,excluded_damage,Invalid Claim
CLM-00529,mobile_devices,64,12,296,physical_damage,12,0,False,False,True,True,True,True,True,True,0,excluded_damage,Invalid Claim
CLM-00292,consumer_electronics,76,12,284,motherboard,70,0,False,False,False,True,True,True,True,True,0,normal_valid,Valid Claim
CLM-00926,mobile_devices,183,12,177,battery,92,5,False,False,False,True,True,True,True,True,0,excessive_repairs,Invalid Claim
CLM-00872,consumer_electronics,295,12,65,ports,257,5,True,False,False,True,True,True,True,True,0,excessive_repairs,Invalid Claim
CLM-00351,small_appliances,717,24,3,controls,707,0,False,False,False,True,True,True,True,True,0,valid_near_expiry,Valid Claim
CLM-00480,consumer_electronics,347,12,13,ports,333,0,False,False,False,True,True,True,True,True,0,valid_near_expiry,Valid Claim
CLM-00152,mobile_devices,248,12,112,speaker_or_microphone,72,1,False,False,False,True,True,True,True,True,0,valid_with_repair_history,Valid Claim
CLM-00409,small_appliances,26,24,694,motor_or_drive,12,0,False,False,False,True,True,True,True,True,0,normal_valid,Valid Claim
CLM-01386,mobile_devices,263,12,97,battery,124,0,False,False,False,True,True,True,True,False,0,serial_mismatch,Manual Review
CLM-00901,mobile_devices,226,12,134,physical_damage,207,0,False,True,False,True,True,True,True,True,0,excluded_damage,Invalid Claim
CLM-01437,small_appliances,99,24,621,controls,66,0,False,False,False,True,True,False,True,True,1,missing_documents,Manual Review
CLM-00144,mobile_devices,347,12,13,charging_port,342,0,False,False,False,True,True,True,True,True,0,valid_near_expiry,Valid Claim
CLM-00403,mobile_devices,229,12,131,speaker_or_microphone,1,0,False,False,False,True,True,True,True,True,0,normal_valid,Valid Claim
CLM-00741,mobile_devices,385,12,-25,battery,385,0,False,False,False,True,True,True,True,True,0,expired_warranty,Invalid Claim
CLM-01105,small_appliances,97,24,623,motor_or_drive,15,0,False,False,False,True,True,True,True,True,1,missing_documents,Manual Review
CLM-00884,consumer_electronics,269,12,91,motherboard,57,6,True,False,False,True,True,True,True,True,0,excessive_repairs,Invalid Claim
CLM-01326,mobile_devices,113,12,247,speaker_or_microphone,23,0,False,False,False,True,True,True,True,False,0,serial_mismatch,Manual Review
CLM-00824,consumer_electronics,62,12,298,power_supply,45,6,False,False,False,True,True,True,True,True,0,excessive_repairs,Invalid Claim
CLM-00364,small_appliances,458,24,262,manufacturing_defect,225,1,False,False,False,True,True,True,True,True,0,normal_valid,Invalid Claim
CLM-00935,consumer_electronics,295,12,65,display,199,4,True,False,False,True,True,True,True,True,0,excessive_repairs,Invalid Claim
CLM-01039,consumer_electronics,259,12,101,motherboard,-4,0,False,False,False,True,True,True,True,True,0,contradiction_bad_dates,Manual Review
CLM-01000,small_appliances,439,24,281,water_damage,424,0,False,True,False,True,True,True,True,True,0,excluded_damage,Invalid Claim
CLM-00765,consumer_electronics,479,12,-119,ports,470,0,False,False,False,True,True,True,True,True,0,expired_warranty,Invalid Claim
CLM-00714,small_appliances,804,24,-84,manufacturing_defect,802,0,False,False,False,True,True,True,True,True,0,expired_warranty,Invalid Claim
CLM-00487,consumer_electronics,180,12,180,ports,122,0,False,False,False,True,True,True,True,True,0,normal_valid,Valid Claim
CLM-01499,mobile_devices,106,12,254,battery,-14,0,False,False,False,True,True,True,True,True,0,contradiction_bad_dates,Manual Review
CLM-00598,consumer_electronics,311,12,49,cosmetic_wear,180,0,False,False,True,True,True,True,True,True,0,excluded_damage,Invalid Claim
CLM-01422,consumer_electronics,69,12,291,motherboard,6,0,False,False,False,True,True,True,True,False,0,serial_mismatch,Manual Review
CLM-00062,small_appliances,629,24,91,electrical,528,1,False,False,False,True,True,True,True,True,0,valid_with_repair_history,Valid Claim
CLM-01094,mobile_devices,53,12,307,speaker_or_microphone,26,0,False,False,False,True,True,True,True,False,0,serial_mismatch,Manual Review
CLM-01264,mobile_devices,362,12,-2,speaker_or_microphone,362,2,False,False,False,True,True,True,True,True,0,borderline_disagreement,Manual Review
CLM-00322,mobile_devices,168,12,192,display,87,0,False,False,False,True,True,True,True,True,0,normal_valid,Valid Claim
CLM-00481,small_appliances,209,24,511,manufacturing_defect,93,0,False,False,False,True,True,True,True,True,0,normal_valid,Valid Claim
CLM-00093,consumer_electronics,349,12,11,manufacturing_defect,347,0,False,False,False,True,True,True,True,True,0,valid_near_expiry,Valid Claim
CLM-00579,mobile_devices,444,12,-84,manufacturing_defect,442,0,False,False,False,True,True,True,True,True,0,expired_warranty,Invalid Claim
CLM-00024,small_appliances,705,24,15,heating_element,694,0,False,False,False,True,True,True,True,True,0,valid_near_expiry,Valid Claim
CLM-00384,small_appliances,701,24,19,controls,700,0,False,False,False,True,True,True,True,True,0,valid_near_expiry,Valid Claim
CLM-01001,small_appliances,465,24,255,manufacturing_defect,70,0,False,False,False,True,True,True,True,True,1,missing_documents,Manual Review
CLM-01185,small_appliances,598,24,122,electrical,363,0,False,False,False,True,True,False,True,True,2,missing_documents,Manual Review
CLM-00406,small_appliances,567,24,153,manufacturing_defect,520,1,False,False,False,True,True,True,True,True,0,normal_valid,Valid Claim
CLM-01170,mobile_devices,327,12,33,speaker_or_microphone,322,0,False,False,False,True,True,True,True,False,0,serial_mismatch,Manual Review
CLM-01181,small_appliances,224,24,496,electrical,179,0,False,False,False,False,True,True,True,True,1,missing_documents,Manual Review
CLM-00698,mobile_devices,75,12,285,manufacturing_defect,54,4,True,False,False,True,True,True,True,True,0,excessive_repairs,Invalid Claim
CLM-00715,consumer_electronics,262,12,98,water_damage,159,0,False,False,True,True,True,True,True,True,0,excluded_damage,Invalid Claim
CLM-01161,consumer_electronics,97,12,263,ports,43,0,False,False,False,False,True,True,True,True,1,missing_documents,Manual Review
CLM-00909,small_appliances,772,24,-52,motor_or_drive,764,0,False,False,False,True,True,True,True,True,0,expired_warranty,Invalid Claim
CLM-00645,consumer_electronics,447,12,-87,battery,442,0,False,False,False,True,True,True,True,True,0,expired_warranty,Invalid Claim
CLM-00164,consumer_electronics,202,12,158,power_supply,145,2,False,False,False,True,True,True,True,True,0,valid_with_repair_history,Valid Claim
CLM-01461,consumer_electronics,37,12,323,motherboard,18,0,False,False,False,True,True,True,True,True,2,missing_documents,Manual Review
CLM-00439,mobile_devices,112,12,248,charging_port,16,0,False,False,False,True,True,True,True,True,0,normal_valid,Valid Claim
CLM-01485,small_appliances,294,24,426,heating_element,179,0,False,False,False,True,True,True,True,True,1,missing_documents,Manual Review
CLM-00770,small_appliances,557,24,163,motor_or_drive,514,3,True,False,False,True,True,True,True,True,0,excessive_repairs,Invalid Claim
CLM-01246,small_appliances,620,24,100,heating_element,389,0,False,False,False,True,True,True,True,False,0,serial_mismatch,Manual Review
CLM-00428,consumer_electronics,98,12,262,motherboard,81,3,False,False,False,True,True,True,True,True,0,valid_with_repair_history,Valid Claim
CLM-01112,mobile_devices,360,12,0,display,355,2,False,False,False,True,False,True,True,True,0,borderline_disagreement,Manual Review
CLM-00753,small_appliances,744,24,-24,heating_element,743,0,False,False,False,True,True,True,True,True,0,expired_warranty,Invalid Claim
CLM-00117,small_appliances,710,24,10,electrical,702,0,False,False,False,True,True,True,True,True,0,valid_near_expiry,Valid Claim
CLM-00314,consumer_electronics,344,12,16,ports,60,3,False,False,False,True,True,True,True,True,0,valid_with_repair_history,Valid Claim
CLM-00484,consumer_electronics,211,12,149,motherboard,96,1,False,False,False,True,True,True,True,True,0,normal_valid,Valid Claim
CLM-00436,consumer_electronics,105,12,255,ports,64,0,False,False,False,True,True,True,True,True,0,normal_valid,Valid Claim
CLM-00298,small_appliances,121,24,599,manufacturing_defect,58,0,False,False,False,True,True,True,True,True,0,normal_valid,Valid Claim
CLM-01217,small_appliances,224,24,496,electrical,83,0,False,False,False,True,True,False,True,True,1,missing_documents,Manual Review
CLM-00225,mobile_devices,350,12,10,camera,343,0,False,False,False,True,True,True,True,True,0,valid_near_expiry,Valid Claim
CLM-00734,mobile_devices,274,12,86,camera,72,4,False,False,False,True,True,True,True,True,0,excessive_repairs,Invalid Claim
CLM-01139,mobile_devices,261,12,99,charging_port,-8,0,False,False,False,True,True,True,True,True,0,contradiction_bad_dates,Manual Review
CLM-00616,mobile_devices,91,12,269,physical_damage,36,0,False,False,True,True,True,True,True,True,0,excluded_damage,Invalid Claim
CLM-00623,mobile_devices,127,12,233,battery,91,3,False,False,False,True,True,True,True,True,0,excessive_repairs,Invalid Claim
CLM-01067,small_appliances,447,24,273,motor_or_drive,-15,0,False,False,False,True,True,True,True,True,0,contradiction_bad_dates,Manual Review
CLM-00528,small_appliances,751,24,-31,heating_element,745,0,False,False,False,True,True,True,True,True,0,expired_warranty,Invalid Claim
CLM-00129,consumer_electronics,351,12,9,display,350,0,False,False,False,True,True,True,True,True,0,valid_near_expiry,Valid Claim
CLM-01093,mobile_devices,52,12,308,speaker_or_microphone,31,0,False,False,False,False,True,False,True,True,3,missing_documents,Manual Review
CLM-00738,consumer_electronics,388,12,-28,power_supply,383,0,False,False,False,True,True,True,True,True,0,expired_warranty,Invalid Claim
CLM-01149,small_appliances,60,24,660,heating_element,13,0,False,False,False,True,True,False,True,True,2,missing_documents,Manual Review
CLM-00095,consumer_electronics,255,12,105,display,253,2,False,False,False,True,True,True,True,True,0,valid_with_repair_history,Valid Claim
CLM-00495,mobile_devices,341,12,19,manufacturing_defect,333,0,False,False,False,True,True,True,True,True,0,valid_near_expiry,Valid Claim
CLM-00804,small_appliances,822,24,-102,electrical,813,0,False,False,False,True,True,True,True,True,0,expired_warranty,Invalid Claim
CLM-01285,mobile_devices,17,12,343,speaker_or_microphone,4,0,False,False,False,True,True,True,True,True,1,missing_documents,Manual Review
CLM-00917,small_appliances,218,24,502,electrical,40,4,False,False,False,True,True,True,True,True,0,excessive_repairs,Invalid Claim
CLM-00077,small_appliances,369,24,351,manufacturing_defect,343,1,False,False,False,True,True,True,True,True,0,valid_with_repair_history,Valid Claim
CLM-01114,consumer_electronics,208,12,152,motherboard,170,0,False,False,False,True,True,True,True,False,0,serial_mismatch,Manual Review
CLM-01031,mobile_devices,36,12,324,manufacturing_defect,-14,0,False,False,False,True,True,True,True,True,0,contradiction_bad_dates,Manual Review
CLM-00625,mobile_devices,198,12,162,water_damage,77,0,False,False,True,True,True,True,True,True,0,excluded_damage,Invalid Claim
CLM-00085,mobile_devices,92,12,268,speaker_or_microphone,57,1,False,False,False,True,True,True,True,True,0,normal_valid,Manual Review
CLM-01341,consumer_electronics,68,12,292,ports,64,0,False,False,False,False,True,True,True,True,1,missing_documents,Valid Claim
CLM-01454,mobile_devices,135,12,225,battery,8,0,False,False,False,True,True,True,True,False,0,serial_mismatch,Manual Review
CLM-00755,small_appliances,122,24,598,manufacturing_defect,79,4,False,False,False,True,True,True,True,True,0,excessive_repairs,Invalid Claim
CLM-00829,mobile_devices,260,12,100,water_damage,184,0,False,True,False,True,True,True,True,True,0,excluded_damage,Invalid Claim
CLM-01279,small_appliances,321,24,399,manufacturing_defect,-12,0,False,False,False,True,True,True,True,True,0,contradiction_bad_dates,Manual Review
CLM-00192,small_appliances,706,24,14,manufacturing_defect,700,0,False,False,False,True,True,True,True,True,0,valid_near_expiry,Valid Claim
CLM-01036,consumer_electronics,360,12,0,battery,356,3,False,False,False,True,False,True,True,True,0,borderline_disagreement,Manual Review
CLM-01154,mobile_devices,175,12,185,battery,116,0,False,False,False,True,True,True,True,False,0,serial_mismatch,Manual Review
CLM-00731,small_appliances,150,24,570,heating_element,135,4,True,False,False,True,True,True,True,True,0,excessive_repairs,Invalid Claim
CLM-00226,mobile_devices,251,12,109,camera,63,1,False,False,False,True,True,True,True,True,0,normal_valid,Valid Claim
CLM-00122,consumer_electronics,277,12,83,power_supply,86,3,False,False,False,True,True,True,True,True,0,valid_with_repair_history,Valid Claim
CLM-00166,consumer_electronics,263,12,97,power_supply,167,0,False,False,False,True,True,True,True,True,0,normal_valid,Valid Claim
CLM-00130,small_appliances,302,24,418,heating_element,121,0,False,False,False,True,True,True,True,True,0,normal_valid,Valid Claim
CLM-01400,small_appliances,720,24,0,heating_element,716,2,False,False,False,True,False,True,True,True,0,borderline_disagreement,Manual Review
CLM-00037,mobile_devices,260,12,100,battery,10,0,False,False,False,True,True,True,True,True,0,normal_valid,Valid Claim
CLM-00638,consumer_electronics,258,12,102,ports,250,5,False,False,False,True,True,True,True,True,0,excessive_repairs,Invalid Claim
CLM-00888,mobile_devices,423,12,-63,speaker_or_microphone,413,0,False,False,False,True,True,True,True,True,0,expired_warranty,Invalid Claim
CLM-01142,consumer_electronics,100,12,260,ports,57,0,False,False,False,True,True,True,True,False,0,serial_mismatch,Manual Review
CLM-00049,consumer_electronics,302,12,58,battery,296,0,False,False,False,True,True,True,True,True,0,normal_valid,Valid Claim
CLM-00407,consumer_electronics,259,12,101,battery,253,1,False,False,False,True,True,True,True,True,0,valid_with_repair_history,Valid Claim
CLM-01005,consumer_electronics,55,12,305,motherboard,29,0,False,False,False,True,True,True,True,True,2,missing_documents,Manual Review
CLM-00654,consumer_electronics,412,12,-52,manufacturing_defect,403,0,False,False,False,True,True,True,True,True,0,expired_warranty,Invalid Claim
CLM-01042,small_appliances,458,24,262,heating_element,287,0,False,False,False,True,True,True,True,False,0,serial_mismatch,Manual Review
CLM-00416,mobile_devices,323,12,37,speaker_or_microphone,233,2,False,False,False,True,True,True,True,True,0,valid_with_repair_history,Valid Claim
CLM-00664,small_appliances,63,24,657,water_damage,12,0,False,True,False,True,True,True,True,True,0,excluded_damage,Invalid Claim
CLM-00657,consumer_electronics,493,12,-133,manufacturing_defect,484,0,False,False,False,True,True,True,True,True,0,expired_warranty,Invalid Claim
CLM-00363,small_appliances,714,24,6,electrical,700,0,False,False,False,True,True,True,True,True,0,valid_near_expiry,Valid Claim
CLM-00427,mobile_devices,324,12,36,display,223,1,False,False,False,True,True,True,True,True,0,normal_valid,Valid Claim
CLM-00118,consumer_electronics,22,12,338,power_supply,2,0,False,False,False,True,True,True,True,True,0,normal_valid,Valid Claim
CLM-00810,small_appliances,843,24,-123,controls,839,0,False,False,False,True,True,True,True,True,0,expired_warranty,Invalid Claim
CLM-01316,consumer_electronics,359,12,1,manufacturing_defect,357,3,False,False,False,True,True,True,True,True,0,borderline_disagreement,Manual Review
CLM-00898,mobile_devices,77,12,283,lost_or_stolen,23,0,False,False,True,True,True,True,True,True,0,excluded_damage,Invalid Claim
CLM-01281,consumer_electronics,303,12,57,manufacturing_defect,27,0,False,False,False,False,True,True,True,True,2,missing_documents,Manual Review
CLM-00221,consumer_electronics,74,12,286,ports,70,1,False,False,False,True,True,True,True,True,0,valid_with_repair_history,Valid Claim
CLM-00525,mobile_devices,435,12,-75,camera,429,0,False,False,False,True,True,True,True,True,0,expired_warranty,Invalid Claim
CLM-00506,small_appliances,500,24,220,electrical,442,3,False,False,False,True,True,True,True,True,0,excessive_repairs,Invalid Claim
CLM-00643,small_appliances,421,24,299,consumables,43,0,False,True,False,True,True,True,True,True,0,excluded_damage,Manual Review
CLM-00498,consumer_electronics,341,12,19,power_supply,329,0,False,False,False,True,True,True,True,True,0,valid_near_expiry,Valid Claim
CLM-01126,consumer_electronics,303,12,57,battery,79,0,False,False,False,True,True,True,True,False,0,serial_mismatch,Manual Review
CLM-00763,mobile_devices,44,12,316,software_issue,6,0,False,False,True,True,True,True,True,True,0,excluded_damage,Invalid Claim
CLM-00593,small_appliances,567,24,153,motor_or_drive,553,5,True,False,False,True,True,True,True,True,0,excessive_repairs,Invalid Claim
CLM-00029,mobile_devices,92,12,268,camera,54,2,False,False,False,True,True,True,True,True,0,valid_with_repair_history,Valid Claim
CLM-00446,small_appliances,437,24,283,manufacturing_defect,269,1,False,False,False,True,True,True,True,True,0,valid_with_repair_history,Valid Claim
CLM-00393,mobile_devices,352,12,8,display,337,0,False,False,False,True,True,True,True,True,0,valid_near_expiry,Valid Claim
CLM-01159,consumer_electronics,278,12,82,battery,-12,0,False,False,False,True,True,True,True,True,0,contradiction_bad_dates,Manual Review
CLM-01325,mobile_devices,38,12,322,display,6,0,False,False,False,False,True,False,True,True,3,missing_documents,Manual Review
CLM-01314,mobile_devices,101,12,259,camera,83,0,False,False,False,True,True,True,True,False,0,serial_mismatch,Manual Review
CLM-00505,small_appliances,291,24,429,misuse,275,0,False,True,False,True,True,True,True,True,0,excluded_damage,Invalid Claim
CLM-01066,small_appliances,600,24,120,controls,367,0,False,False,False,True,True,True,True,False,0,serial_mismatch,Manual Review
CLM-00604,consumer_electronics,77,12,283,water_damage,32,0,False,False,True,True,True,True,True,True,0,excluded_damage,Invalid Claim
CLM-00633,small_appliances,768,24,-48,heating_element,768,0,False,False,False,True,True,True,True,True,0,expired_warranty,Invalid Claim
CLM-00918,small_appliances,810,24,-90,heating_element,800,0,False,False,False,True,True,True,True,True,0,expired_warranty,Invalid Claim
CLM-01164,small_appliances,722,24,-2,electrical,719,2,False,False,False,True,False,True,True,True,0,borderline_disagreement,Manual Review
CLM-00861,mobile_devices,379,12,-19,camera,373,0,False,False,False,True,True,True,True,True,0,expired_warranty,Invalid Claim
CLM-01195,small_appliances,39,24,681,electrical,-14,0,False,False,False,True,True,True,True,True,0,contradiction_bad_dates,Manual Review
CLM-01065,small_appliances,650,24,70,manufacturing_defect,184,0,False,False,False,False,True,True,True,True,2,missing_documents,Manual Review
CLM-00425,mobile_devices,288,12,72,charging_port,248,2,False,False,False,True,True,True,True,True,0,valid_with_repair_history,Valid Claim
CLM-00070,small_appliances,545,24,175,heating_element,324,0,False,False,False,True,True,True,True,True,0,normal_valid,Valid Claim
CLM-00131,mobile_devices,336,12,24,charging_port,71,1,False,False,False,True,True,True,True,True,0,valid_with_repair_history,Valid Claim
CLM-00866,mobile_devices,237,12,123,manufacturing_defect,199,5,False,False,False,True,True,True,True,True,0,excessive_repairs,Invalid Claim
CLM-00452,mobile_devices,317,12,43,battery,58,1,False,False,False,True,True,True,True,True,0,valid_with_repair_history,Valid Claim
CLM-00190,mobile_devices,320,12,40,speaker_or_microphone,306,0,False,False,False,True,True,True,True,True,0,normal_valid,Valid Claim
CLM-00047,mobile_devices,96,12,264,charging_port,95,2,False,False,False,True,True,True,True,True,0,valid_with_repair_history,Valid Claim
CLM-00856,mobile_devices,254,12,106,software_issue,205,0,False,True,False,True,True,True,True,True,0,excluded_damage,Invalid Claim
CLM-01321,small_appliances,13,24,707,controls,9,0,False,False,False,True,True,False,True,True,2,missing_documents,Manual Review
CLM-00537,mobile_devices,399,12,-39,charging_port,392,0,False,False,False,True,True,True,True,True,0,expired_warranty,Invalid Claim
CLM-01418,mobile_devices,157,12,203,charging_port,13,0,False,False,False,True,True,True,True,False,0,serial_mismatch,Manual Review
CLM-00687,small_appliances,763,24,-43,controls,758,0,False,False,False,True,True,True,True,True,0,expired_warranty,Invalid Claim
CLM-01409,consumer_electronics,85,12,275,power_supply,64,0,False,False,False,True,True,True,True,True,1,missing_documents,Manual Review
CLM-00108,small_appliances,706,24,14,controls,701,0,False,False,False,True,True,True,True,True,0,valid_near_expiry,Valid Claim
CLM-01363,consumer_electronics,232,12,128,motherboard,-5,0,False,False,False,True,True,True,True,True,0,contradiction_bad_dates,Manual Review
CLM-00778,consumer_electronics,218,12,142,software_issue,190,0,False,False,True,True,True,True,True,True,0,excluded_damage,Invalid Claim
CLM-01064,consumer_electronics,360,12,0,manufacturing_defect,359,3,False,False,False,True,True,False,True,True,0,borderline_disagreement,Manual Review
CLM-00328,consumer_electronics,90,12,270,display,80,1,False,False,False,True,True,True,True,True,0,normal_valid,Valid Claim
CLM-01215,consumer_electronics,62,12,298,manufacturing_defect,-9,0,False,False,False,True,True,True,True,True,0,contradiction_bad_dates,Manual Review
CLM-00463,mobile_devices,135,12,225,display,104,0,False,False,False,True,True,True,True,True,0,normal_valid,Valid Claim
CLM-00788,consumer_electronics,143,12,217,ports,139,4,False,False,False,True,True,True,True,True,0,excessive_repairs,Invalid Claim
CLM-00111,small_appliances,701,24,19,controls,695,0,False,False,False,True,True,True,True,True,0,valid_near_expiry,Valid Claim
CLM-00440,mobile_devices,148,12,212,manufacturing_defect,145,2,False,False,False,True,True,True,True,True,0,valid_with_repair_history,Valid Claim
CLM-00507,small_appliances,751,24,-31,electrical,748,0,False,False,False,True,True,True,True,True,0,expired_warranty,Invalid Claim
CLM-00847,mobile_devices,86,12,274,lost_or_stolen,12,0,False,True,False,True,True,True,True,True,0,excluded_damage,Invalid Claim
CLM-01270,small_appliances,387,24,333,manufacturing_defect,58,0,False,False,False,True,True,True,True,False,0,serial_mismatch,Manual Review
CLM-00835,consumer_electronics,34,12,326,software_issue,8,0,False,False,True,True,True,True,True,True,0,excluded_damage,Invalid Claim
CLM-00891,consumer_electronics,467,12,-107,power_supply,458,0,False,False,False,True,True,True,True,True,0,expired_warranty,Invalid Claim
CLM-00145,mobile_devices,177,12,183,camera,87,0,False,False,False,True,True,True,True,True,0,normal_valid,Valid Claim
CLM-01177,consumer_electronics,57,12,303,motherboard,50,0,False,False,False,True,True,True,True,True,2,missing_documents,Manual Review
CLM-00794,mobile_devices,295,12,65,charging_port,159,4,False,False,False,True,True,True,True,True,0,excessive_repairs,Invalid Claim
CLM-00776,mobile_devices,286,12,74,display,194,5,False,False,False,True,True,True,True,True,0,excessive_repairs,Invalid Claim
CLM-00191,small_appliances,449,24,271,controls,260,2,False,False,False,True,True,True,True,True,0,valid_with_repair_history,Valid Claim
CLM-00342,mobile_devices,356,12,4,battery,353,0,False,False,False,True,True,True,True,True,0,valid_near_expiry,Valid Claim
CLM-01364,small_appliances,722,24,-2,motor_or_drive,717,2,False,False,False,True,True,True,False,True,0,borderline_disagreement,Valid Claim
CLM-00160,mobile_devices,195,12,165,camera,163,1,False,False,False,True,True,True,True,True,0,normal_valid,Valid Claim
CLM-00249,small_appliances,714,24,6,electrical,704,0,False,False,False,True,True,True,True,True,0,valid_near_expiry,Valid Claim
CLM-00296,mobile_devices,329,12,31,manufacturing_defect,88,1,False,False,False,True,True,True,True,True,0,valid_with_repair_history,Valid Claim
CLM-01413,small_appliances,31,24,689,electrical,10,0,False,False,False,False,True,True,True,True,1,missing_documents,Manual Review
CLM-00510,small_appliances,760,24,-40,motor_or_drive,756,0,False,False,False,True,True,True,True,True,0,expired_warranty,Invalid Claim
CLM-00064,small_appliances,565,24,155,heating_element,63,0,False,False,False,True,True,True,True,True,0,normal_valid,Valid Claim
CLM-00607,consumer_electronics,57,12,303,misuse,26,0,False,False,True,True,True,True,True,True,0,excluded_damage,Invalid Claim
CLM-00278,mobile_devices,119,12,241,charging_port,42,1,False,False,False,True,True,True,True,True,0,valid_with_repair_history,Invalid Claim
CLM-00806,small_appliances,427,24,293,heating_element,289,3,False,False,False,True,True,True,True,True,0,excessive_repairs,Invalid Claim
CLM-01429,small_appliances,529,24,191,heating_element,340,0,False,False,False,False,True,False,True,True,2,missing_documents,Invalid Claim
CLM-00079,consumer_electronics,145,12,215,display,30,1,False,False,False,True,True,True,True,True,0,normal_valid,Valid Claim
CLM-01235,consumer_electronics,189,12,171,battery,-8,0,False,False,False,True,True,True,True,True,0,contradiction_bad_dates,Manual Review
CLM-00424,consumer_electronics,50,12,310,manufacturing_defect,21,0,False,False,False,True,True,True,True,True,0,normal_valid,Valid Claim
CLM-00993,small_appliances,825,24,-105,heating_element,815,0,False,False,False,True,True,True,True,True,0,expired_warranty,Invalid Claim
CLM-00021,consumer_electronics,352,12,8,motherboard,338,0,False,False,False,True,True,True,True,True,0,valid_near_expiry,Valid Claim
CLM-01070,small_appliances,342,24,378,controls,191,0,False,False,False,True,True,True,True,False,0,serial_mismatch,Manual Review
CLM-00578,small_appliances,461,24,259,motor_or_drive,330,4,False,False,False,True,True,True,True,True,0,excessive_repairs,Invalid Claim
CLM-00199,small_appliances,249,24,471,heating_element,237,1,False,False,False,True,True,True,True,True,0,normal_valid,Valid Claim
CLM-00595,consumer_electronics,235,12,125,water_damage,140,0,False,False,True,True,True,True,True,True,0,excluded_damage,Invalid Claim
CLM-00588,consumer_electronics,483,12,-123,ports,477,0,False,False,False,True,True,True,True,True,0,expired_warranty,Invalid Claim
CLM-01228,small_appliances,721,24,-1,heating_element,718,2,False,False,False,True,False,True,True,True,0,borderline_disagreement,Manual Review
CLM-00915,small_appliances,765,24,-45,electrical,763,0,False,False,False,True,True,True,True,True,0,expired_warranty,Invalid Claim
CLM-00557,small_appliances,423,24,297,manufacturing_defect,115,3,False,False,False,True,True,True,True,True,0,excessive_repairs,Invalid Claim
CLM-00517,small_appliances,43,24,677,misuse,12,0,False,True,False,True,True,True,True,True,0,excluded_damage,Invalid Claim
CLM-00860,mobile_devices,74,12,286,manufacturing_defect,73,3,False,False,False,True,True,True,True,True,0,excessive_repairs,Invalid Claim
CLM-00699,consumer_electronics,402,12,-42,motherboard,398,0,False,False,False,True,True,True,True,True,0,expired_warranty,Invalid Claim
CLM-00001,small_appliances,124,24,596,heating_element,4,0,False,False,False,True,True,True,True,True,0,normal_valid,Valid Claim
CLM-01167,mobile_devices,131,12,229,speaker_or_microphone,-4,0,False,False,False,True,True,True,True,True,0,contradiction_bad_dates,Manual Review
CLM-01306,small_appliances,663,24,57,motor_or_drive,125,0,False,False,False,True,True,True,True,False,0,serial_mismatch,Manual Review
CLM-01030,mobile_devices,256,12,104,charging_port,153,0,False,False,False,True,True,True,True,False,0,serial_mismatch,Manual Review
CLM-00310,small_appliances,107,24,613,controls,41,0,False,False,False,True,True,True,True,True,0,normal_valid,Valid Claim
CLM-00414,small_appliances,705,24,15,heating_element,691,0,False,False,False,True,True,True,True,True,0,valid_near_expiry,Valid Claim
CLM-00240,mobile_devices,351,12,9,speaker_or_microphone,346,0,False,False,False,True,True,True,True,True,0,valid_near_expiry,Valid Claim
CLM-01410,small_appliances,33,24,687,controls,19,0,False,False,False,True,True,True,True,False,0,serial_mismatch,Manual Review
CLM-01146,consumer_electronics,241,12,119,display,117,0,False,False,False,True,True,True,True,False,0,serial_mismatch,Manual Review
CLM-00413,mobile_devices,153,12,207,charging_port,133,1,False,False,False,True,True,True,True,True,0,valid_with_repair_history,Valid Claim
CLM-00757,consumer_electronics,253,12,107,physical_damage,77,0,False,False,True,True,True,True,True,True,0,excluded_damage,Invalid Claim
CLM-01387,small_appliances,22,24,698,controls,-12,0,False,False,False,True,True,True,True,True,0,contradiction_bad_dates,Manual Review
CLM-01349,consumer_electronics,18,12,342,display,16,0,False,False,False,False,True,True,True,True,1,missing_documents,Manual Review
CLM-00459,small_appliances,718,24,2,motor_or_drive,703,0,False,False,False,True,True,True,True,True,0,valid_near_expiry,Valid Claim
CLM-00058,consumer_electronics,57,12,303,power_supply,49,0,False,False,False,True,True,True,True,True,0,normal_valid,Valid Claim
CLM-00509,mobile_devices,100,12,260,camera,77,4,False,False,False,True,True,True,True,True,0,excessive_repairs,Invalid Claim
CLM-00740,mobile_devices,307,12,53,camera,45,5,True,False,False,True,True,True,True,True,0,excessive_repairs,Invalid Claim
CLM-01141,consumer_electronics,148,12,212,power_supply,106,0,False,False,False,False,True,True,True,True,1,missing_documents,Manual Review
CLM-00483,mobile_devices,340,12,20,charging_port,328,0,False,False,False,True,True,True,True,True,0,valid_near_expiry,Valid Claim
CLM-00637,consumer_electronics,280,12,80,screen_burn_in,7,0,False,False,True,True,True,True,True,True,0,excluded_damage,Invalid Claim
CLM-00344,mobile_devices,105,12,255,battery,85,1,False,False,False,True,True,True,True,True,0,valid_with_repair_history,Valid Claim
CLM-00135,mobile_devices,347,12,13,speaker_or_microphone,332,0,False,False,False,True,True,True,True,True,0,valid_near_expiry,Valid Claim
